<journalconfig>
<AHPDF input="html"/>
<article type="Correction"/>
<ArticleTitle>
<casestyle>Initial caps</casestyle>
<aftercolon>Initial caps</aftercolon>
<additional></additional>
</ArticleTitle>

<Authorgroup>
<degrees>NO</degrees>
</Authorgroup>


<affiliation>
<indicator>1</indicator>
</affiliation>

<left-running etal="3" enddot="NO"/>

<keywords>
<articleinfo>No</articleinfo>
<firstletter>Authro given</firstletter>
<sep>; </sep>
</keywords>

<headings>
<type>UNNUMBERED</type>
<h1 weight="bold" case="sentence case"></h1>
<h2 weight="bolditalic" case="sentence case"></h2>
<h3 weight="italic" case="sentence case"></h3>
<h4 weight="italic" case="sentence case"></h4>
</headings>

<figures>
<citation1 dottype="NODOT" group="insidebracket">FIG</citation1>
<citation2 dottype="NODOT" group="outsidebracket">FIGURE</citation2>
<caption weight="bold" case="sentence case" enddot="yes"></caption>
<label enddot="yes"></label>
</figures>

<tables>
<caption weight="unbold" case="sentence case" enddot="no"></caption>
<tfnote label="*" enddot="yes"></tfnote>
<columnhead case="sentence case"></columnhead>
<label enddot="yes"></label>

</tables>


<BM>
<ORDER>Supplementary Material|Acknowledgement|Authors Contribution|Authors&#x2019; Contribution|Author Contribution|Funding statement|Funding|Financial support|Conflicts of interest|Competing Interest|Competing Interests declaration|Declaration of Interest|Declaration of Conflicting Interest|Ethical Consideration|Compliance with Ethical Standard|Ethical standard|Ethical standards|Ethical Consideration|Ethical approval|Clinical Trial Registration|Disclosure|Statement of Authorship|Data Sharing Statement|Data Availability|Data Statement</ORDER>
</BM>

<references>
<ATITLE case="sentence case">
</references>

<AHPDF input="html"/>

</journalconfig>