<?xml version="1.0" encoding="UTF-8"?>
<entities>
<entity><named>&aacute;</named><hex>&#x000E1;</hex><tex>\'{a}</tex></entity>
<entity><named>&Aacute;</named><hex>&#x000C1;</hex><tex>\'{A}</tex></entity>
<entity><named>&acirc;</named><hex>&#x000E2;</hex><tex>\^{a}</tex></entity>
<entity><named>&Acirc;</named><hex>&#x000C2;</hex><tex>\^{A}</tex></entity>
<entity><named>&aelig;</named><hex>&#x000E6;</hex><tex>{\ae}</tex></entity>
<entity><named>&AElig;</named><hex>&#x000C6;</hex><tex>{\AE}</tex></entity>
<entity><named>&agrave;</named><hex>&#x000E0;</hex><tex>\quot{a}</tex></entity>
<entity><named>&Agrave;</named><hex>&#x000C0;</hex><tex>\quot{A}</tex></entity>
<entity><named>&aring;</named><hex>&#x000E5;</hex><tex>{\aa}</tex></entity>
<entity><named>&Aring;</named><hex>&#x000C5;</hex><tex>{\AA}</tex></entity>
<entity><named>&atilde;</named><hex>&#x000E3;</hex><tex>\~{a}</tex></entity>
<entity><named>&Atilde;</named><hex>&#x000C3;</hex><tex>\~{A}</tex></entity>
<entity><named>&auml;</named><hex>&#x000E4;</hex><tex>\"{a}</tex></entity>
<entity><named>&Auml;</named><hex>&#x000C4;</hex><tex>\"{A}</tex></entity>
<entity><named>&ccedil;</named><hex>&#x000E7;</hex><tex>\c{c}</tex></entity>
<entity><named>&Ccedil;</named><hex>&#x000C7;</hex><tex>\c{C}</tex></entity>
<entity><named>&eacute;</named><hex>&#x000E9;</hex><tex>\'{e}</tex></entity>
<entity><named>&Eacute;</named><hex>&#x000C9;</hex><tex>\'{E}</tex></entity>
<entity><named>&ecirc;</named><hex>&#x000EA;</hex><tex>\^{e}</tex></entity>
<entity><named>&Ecirc;</named><hex>&#x000CA;</hex><tex>\^{E}</tex></entity>
<entity><named>&egrave;</named><hex>&#x000E8;</hex><tex>\quot{e}</tex></entity>
<entity><named>&Egrave;</named><hex>&#x000C8;</hex><tex>\quot{E}</tex></entity>
<entity><named>&eth;</named><hex>&#x000F0;</hex><tex>{\dh}</tex></entity>
<entity><named>&ETH;</named><hex>&#x000D0;</hex><tex>{\DH}</tex></entity>
<entity><named>&euml;</named><hex>&#x000EB;</hex><tex>\"{e}</tex></entity>
<entity><named>&Euml;</named><hex>&#x000CB;</hex><tex>\"{E}</tex></entity>
<entity><named>&euro;</named><hex>&#x020AC;</hex><tex>\texteuro</tex></entity>
<entity><named>&iacute;</named><hex>&#x000ED;</hex><tex>\'{i}</tex></entity>
<entity><named>&Iacute;</named><hex>&#x000CD;</hex><tex>\'{I}</tex></entity>
<entity><named>&icirc;</named><hex>&#x000EE;</hex><tex>\^{i}</tex></entity>
<entity><named>&Icirc;</named><hex>&#x000CE;</hex><tex>\^{I}</tex></entity>
<entity><named>&igrave;</named><hex>&#x000EC;</hex><tex>\quot{i}</tex></entity>
<entity><named>&Igrave;</named><hex>&#x000CC;</hex><tex>\quot{I}</tex></entity>
<entity><named>&iuml;</named><hex>&#x000EF;</hex><tex>\"{i}</tex></entity>
<entity><named>&Iuml;</named><hex>&#x000CF;</hex><tex>\"{I}</tex></entity>
<entity><named>&ntilde;</named><hex>&#x000F1;</hex><tex>\~{n}</tex></entity>
<entity><named>&Ntilde;</named><hex>&#x000D1;</hex><tex>\~{N}</tex></entity>
<entity><named>&oacute;</named><hex>&#x000F3;</hex><tex>\'{o}</tex></entity>
<entity><named>&Oacute;</named><hex>&#x000D3;</hex><tex>\'{O}</tex></entity>
<entity><named>&ocirc;</named><hex>&#x000F4;</hex><tex>\^{o}</tex></entity>
<entity><named>&Ocirc;</named><hex>&#x000D4;</hex><tex>\^{O}</tex></entity>
<entity><named>&ograve;</named><hex>&#x000F2;</hex><tex>\quot{o}</tex></entity>
<entity><named>&Ograve;</named><hex>&#x000D2;</hex><tex>\quot{O}</tex></entity>
<entity><named>&oslash;</named><hex>&#x000F8;</hex><tex>\{o}</tex></entity>
<entity><named>&Oslash;</named><hex>&#x000D8;</hex><tex>\{O}</tex></entity>
<entity><named>&otilde;</named><hex>&#x000F5;</hex><tex>\~{o}</tex></entity>
<entity><named>&Otilde;</named><hex>&#x000D5;</hex><tex>\~{O}</tex></entity>
<entity><named>&ouml;</named><hex>&#x000F6;</hex><tex>\"{o}</tex></entity>
<entity><named>&Ouml;</named><hex>&#x000D6;</hex><tex>\"{O}</tex></entity>
<entity><named>&szlig;</named><hex>&#x000DF;</hex><tex>\ss</tex></entity>
<entity><named>&thorn;</named><hex>&#x000FE;</hex><tex>\th</tex></entity>
<entity><named>&THORN;</named><hex>&#x000DE;</hex><tex>\TH</tex></entity>
<entity><named>&uacute;</named><hex>&#x000FA;</hex><tex>\'{u}</tex></entity>
<entity><named>&Uacute;</named><hex>&#x000DA;</hex><tex>\'{U}</tex></entity>
<entity><named>&ucirc;</named><hex>&#x000FB;</hex><tex>\^{u}</tex></entity>
<entity><named>&Ucirc;</named><hex>&#x000DB;</hex><tex>\^{U}</tex></entity>
<entity><named>&ugrave;</named><hex>&#x000F9;</hex><tex>\quot{u}</tex></entity>
<entity><named>&Ugrave;</named><hex>&#x000D9;</hex><tex>\quot{U}</tex></entity>
<entity><named>&uuml;</named><hex>&#x000FC;</hex><tex>\"{u}</tex></entity>
<entity><named>&Uuml;</named><hex>&#x000DC;</hex><tex>\"{U}</tex></entity>
<entity><named>&yacute;</named><hex>&#x000FD;</hex><tex>\'{y}</tex></entity>
<entity><named>&Yacute;</named><hex>&#x000DD;</hex><tex>\'{Y}</tex></entity>
<entity><named>&yuml;</named><hex>&#x000FF;</hex><tex>\"{y}</tex></entity>
<entity><named>&abreve;</named><hex>&#x00103;</hex><tex>\u{a}</tex></entity>
<entity><named>&Abreve;</named><hex>&#x00102;</hex><tex>\u{A}</tex></entity>
<entity><named>&amacr;</named><hex>&#x00101;</hex><tex>\={a}</tex></entity>
<entity><named>&Amacr;</named><hex>&#x00100;</hex><tex>\={A}</tex></entity>
<entity><named>&aogon;</named><hex>&#x00105;</hex><tex>\k{a}</tex></entity>
<entity><named>&Aogon;</named><hex>&#x00104;</hex><tex>\k{A}</tex></entity>
<entity><named>&cacute;</named><hex>&#x00107;</hex><tex>\'{c}</tex></entity>
<entity><named>&Cacute;</named><hex>&#x00106;</hex><tex>\'{C}</tex></entity>
<entity><named>&ccaron;</named><hex>&#x0010D;</hex><tex>\v{c}</tex></entity>
<entity><named>&Ccaron;</named><hex>&#x0010C;</hex><tex>\v{C}</tex></entity>
<entity><named>&ccirc;</named><hex>&#x00109;</hex><tex>\^{c}</tex></entity>
<entity><named>&Ccirc;</named><hex>&#x00108;</hex><tex>\^{C}</tex></entity>
<entity><named>&cdot;</named><hex>&#x0010B;</hex><tex>\.{c}</tex></entity>
<entity><named>&Cdot;</named><hex>&#x0010A;</hex><tex>\.{C}</tex></entity>
<entity><named>&dcaron;</named><hex>&#x0010F;</hex><tex>\v{d}</tex></entity>
<entity><named>&Dcaron;</named><hex>&#x0010E;</hex><tex>\v{D}</tex></entity>
<entity><named>&dstrok;</named><hex>&#x00111;</hex><tex>\dj</tex></entity>
<entity><named>&Dstrok;</named><hex>&#x00110;</hex><tex>\DJ</tex></entity>
<entity><named>&ecaron;</named><hex>&#x0011B;</hex><tex>\v{e}</tex></entity>
<entity><named>&Ecaron;</named><hex>&#x0011A;</hex><tex>\v{E}</tex></entity>
<entity><named>&edot;</named><hex>&#x00117;</hex><tex>\.{e}</tex></entity>
<entity><named>&Edot;</named><hex>&#x00116;</hex><tex>\.{E}</tex></entity>
<entity><named>&emacr;</named><hex>&#x00113;</hex><tex>\={e}</tex></entity>
<entity><named>&Emacr;</named><hex>&#x00112;</hex><tex>\={E}</tex></entity>
<entity><named>&eng;</named><hex>&#x0014B;</hex><tex>\ng</tex></entity>
<entity><named>&ENG;</named><hex>&#x0014A;</hex><tex>\NG</tex></entity>
<entity><named>&eogon;</named><hex>&#x00119;</hex><tex>\k{e}</tex></entity>
<entity><named>&Eogon;</named><hex>&#x00118;</hex><tex>\k{E}</tex></entity>
<entity><named>&gacute;</named><hex>&#x001F5;</hex><tex>\'{g}</tex></entity>
<entity><named>&gbreve;</named><hex>&#x0011F;</hex><tex>\u{g}</tex></entity>
<entity><named>&Gbreve;</named><hex>&#x0011E;</hex><tex>\u{G}</tex></entity>
<entity><named>&Gcedil;</named><hex>&#x00122;</hex><tex>\c{G}</tex></entity>
<entity><named>&gcirc;</named><hex>&#x0011D;</hex><tex>\^{g}</tex></entity>
<entity><named>&Gcirc;</named><hex>&#x0011C;</hex><tex>\^{G}</tex></entity>
<entity><named>&gdot;</named><hex>&#x00121;</hex><tex>\.{g}</tex></entity>
<entity><named>&Gdot;</named><hex>&#x00120;</hex><tex>\.{G}</tex></entity>
<entity><named>&hcirc;</named><hex>&#x00125;</hex><tex>\^{h}</tex></entity>
<entity><named>&Hcirc;</named><hex>&#x00124;</hex><tex>\^{H}</tex></entity>
<entity><named>&hstrok;</named><hex>&#x00127;</hex><tex>\hstrok</tex></entity>
<entity><named>&Hstrok;</named><hex>&#x00126;</hex><tex>\Hstrok</tex></entity>
<entity><named>&Idot;</named><hex>&#x00130;</hex><tex>\.{I}</tex></entity>
<entity><named>&ijlig;</named><hex>&#x00133;</hex><tex>\ij</tex></entity>
<entity><named>&IJlig;</named><hex>&#x00132;</hex><tex>\IJ</tex></entity>
<entity><named>&imacr;</named><hex>&#x0012B;</hex><tex>\={\i}</tex></entity>
<entity><named>&Imacr;</named><hex>&#x0012A;</hex><tex>\={I}</tex></entity>
<entity><named>&inodot;</named><hex>&#x00131;</hex><tex>\imath</tex></entity>
<entity><named>&iogon;</named><hex>&#x0012F;</hex><tex>\k{i}</tex></entity>
<entity><named>&Iogon;</named><hex>&#x0012E;</hex><tex>\k{I}</tex></entity>
<entity><named>&itilde;</named><hex>&#x00129;</hex><tex>\~{\i}</tex></entity>
<entity><named>&Itilde;</named><hex>&#x00128;</hex><tex>\~{I}</tex></entity>
<entity><named>&jcirc;</named><hex>&#x00135;</hex><tex>\^{\j}</tex></entity>
<entity><named>&Jcirc;</named><hex>&#x00134;</hex><tex>\^{J}</tex></entity>
<entity><named>&kcedil;</named><hex>&#x00137;</hex><tex>\c{k}</tex></entity>
<entity><named>&Kcedil;</named><hex>&#x00136;</hex><tex>\c{K}</tex></entity>
<entity><named>&kgreen;</named><hex>&#x00138;</hex><tex>\textsc{k}</tex></entity>
<entity><named>&lacute;</named><hex>&#x0013A;</hex><tex>\'{l}</tex></entity>
<entity><named>&Lacute;</named><hex>&#x00139;</hex><tex>\'{L}</tex></entity>
<entity><named>&lcaron;</named><hex>&#x0013E;</hex><tex>\v{l}</tex></entity>
<entity><named>&Lcaron;</named><hex>&#x0013D;</hex><tex>\v{L}</tex></entity>
<entity><named>&lcedil;</named><hex>&#x0013C;</hex><tex>\c{l}</tex></entity>
<entity><named>&Lcedil;</named><hex>&#x0013B;</hex><tex>\c{L}</tex></entity>
<entity><named>&lmidot;</named><hex>&#x00140;</hex><tex>\lmidot</tex></entity>
<entity><named>&Lmidot;</named><hex>&#x0013F;</hex><tex>\Lmidot</tex></entity>
<entity><named>&lstrok;</named><hex>&#x00142;</hex><tex>\l</tex></entity>
<entity><named>&Lstrok;</named><hex>&#x00141;</hex><tex>\L</tex></entity>
<entity><named>&nacute;</named><hex>&#x00144;</hex><tex>\'{n}</tex></entity>
<entity><named>&Nacute;</named><hex>&#x00143;</hex><tex>\'{N}</tex></entity>
<entity><named>&napos;</named><hex>&#x00149;</hex><tex>n\'{}</tex></entity>
<entity><named>&ncaron;</named><hex>&#x00148;</hex><tex>\v{n}</tex></entity>
<entity><named>&Ncaron;</named><hex>&#x00147;</hex><tex>\v{N}</tex></entity>
<entity><named>&ncedil;</named><hex>&#x00146;</hex><tex>\c{n}</tex></entity>
<entity><named>&Ncedil;</named><hex>&#x00145;</hex><tex>\c{N}</tex></entity>
<entity><named>&odblac;</named><hex>&#x00151;</hex><tex>\H{o}</tex></entity>
<entity><named>&Odblac;</named><hex>&#x00150;</hex><tex>\H{O}</tex></entity>
<entity><named>&oelig;</named><hex>&#x00153;</hex><tex>\oe</tex></entity>
<entity><named>&OElig;</named><hex>&#x00152;</hex><tex>\OE</tex></entity>
<entity><named>&omacr;</named><hex>&#x0014D;</hex><tex>\={o}</tex></entity>
<entity><named>&Omacr;</named><hex>&#x0014C;</hex><tex>\={O}</tex></entity>
<entity><named>&racute;</named><hex>&#x00155;</hex><tex>\'{r}</tex></entity>
<entity><named>&Racute;</named><hex>&#x00154;</hex><tex>\'{R}</tex></entity>
<entity><named>&rcaron;</named><hex>&#x00159;</hex><tex>\v{r}</tex></entity>
<entity><named>&Rcaron;</named><hex>&#x00158;</hex><tex>\v{R}</tex></entity>
<entity><named>&rcedil;</named><hex>&#x00157;</hex><tex>\c{r}</tex></entity>
<entity><named>&Rcedil;</named><hex>&#x00156;</hex><tex>\c{R}</tex></entity>
<entity><named>&sacute;</named><hex>&#x0015B;</hex><tex>\'{s}</tex></entity>
<entity><named>&Sacute;</named><hex>&#x0015A;</hex><tex>\'{S}</tex></entity>
<entity><named>&scaron;</named><hex>&#x00161;</hex><tex>\v{s}</tex></entity>
<entity><named>&Scaron;</named><hex>&#x00160;</hex><tex>\v{S}</tex></entity>
<entity><named>&scedil;</named><hex>&#x0015F;</hex><tex>\c{s}</tex></entity>
<entity><named>&Scedil;</named><hex>&#x0015E;</hex><tex>\c{S}</tex></entity>
<entity><named>&scirc;</named><hex>&#x0015D;</hex><tex>\^{s}</tex></entity>
<entity><named>&Scirc;</named><hex>&#x0015C;</hex><tex>\^{S}</tex></entity>
<entity><named>&tcaron;</named><hex>&#x00165;</hex><tex>\v{t}</tex></entity>
<entity><named>&Tcaron;</named><hex>&#x00164;</hex><tex>\v{T}</tex></entity>
<entity><named>&tcedil;</named><hex>&#x00163;</hex><tex>\c{t}</tex></entity>
<entity><named>&Tcedil;</named><hex>&#x00162;</hex><tex>\c{T}</tex></entity>
<entity><named>&tstrok;</named><hex>&#x00167;</hex><tex>\tstrok</tex></entity>
<entity><named>&Tstrok;</named><hex>&#x00166;</hex><tex>\Tstrok</tex></entity>
<entity><named>&ubreve;</named><hex>&#x0016D;</hex><tex>\u{u}</tex></entity>
<entity><named>&Ubreve;</named><hex>&#x0016C;</hex><tex>\u{U}</tex></entity>
<entity><named>&udblac;</named><hex>&#x00171;</hex><tex>\H{u}</tex></entity>
<entity><named>&Udblac;</named><hex>&#x00170;</hex><tex>\H{U}</tex></entity>
<entity><named>&umacr;</named><hex>&#x0016B;</hex><tex>\={u}</tex></entity>
<entity><named>&Umacr;</named><hex>&#x0016A;</hex><tex>\={U}</tex></entity>
<entity><named>&uogon;</named><hex>&#x00173;</hex><tex>\k{u}</tex></entity>
<entity><named>&Uogon;</named><hex>&#x00172;</hex><tex>\k{U}</tex></entity>
<entity><named>&uring;</named><hex>&#x0016F;</hex><tex>\r{u}</tex></entity>
<entity><named>&Uring;</named><hex>&#x0016E;</hex><tex>\r{U}</tex></entity>
<entity><named>&utilde;</named><hex>&#x00169;</hex><tex>\~{u}</tex></entity>
<entity><named>&Utilde;</named><hex>&#x00168;</hex><tex>\~{U}</tex></entity>
<entity><named>&wcirc;</named><hex>&#x00175;</hex><tex>\^{w}</tex></entity>
<entity><named>&Wcirc;</named><hex>&#x00174;</hex><tex>\^{W}</tex></entity>
<entity><named>&ycirc;</named><hex>&#x00177;</hex><tex>\^{y}</tex></entity>
<entity><named>&Ycirc;</named><hex>&#x00176;</hex><tex>\^{Y}</tex></entity>
<entity><named>&Yuml;</named><hex>&#x00178;</hex><tex>\"{Y}</tex></entity>
<entity><named>&zacute;</named><hex>&#x0017A;</hex><tex>\'{z}</tex></entity>
<entity><named>&Zacute;</named><hex>&#x00179;</hex><tex>\'{Z}</tex></entity>
<entity><named>&zcaron;</named><hex>&#x0017E;</hex><tex>\v{z}</tex></entity>
<entity><named>&Zcaron;</named><hex>&#x0017D;</hex><tex>\v{Z}</tex></entity>
<entity><named>&zdot;</named><hex>&#x0017C;</hex><tex>\.{z}</tex></entity>
<entity><named>&Zdot;</named><hex>&#x0017B;</hex><tex>\.{Z}</tex></entity>
<entity><named>&blank;</named><hex>&#x02423;</hex><tex>\textvisiblespace</tex></entity>
<entity><named>&blk12;</named><hex>&#x02592;</hex><tex>\blockfifty</tex></entity>
<entity><named>&blk14;</named><hex>&#x02591;</hex><tex>\blocktwenty</tex></entity>
<entity><named>&blk34;</named><hex>&#x02593;</hex><tex>\blockeighty</tex></entity>
<entity><named>&block;</named><hex>&#x02588;</hex><tex>\block</tex></entity>
<entity><named>&bull;</named><hex>&#x02022;</hex><tex>\bullet</tex></entity>
<entity><named>&caret;</named><hex>&#x02041;</hex><tex>\mathchar"1356</tex></entity>
<entity><named>&check;</named><hex>&#x02713;</hex><tex>\checkmark</tex></entity>
<entity><named>&cir;</named><hex>&#x025CB;</hex><tex>\circ</tex></entity>
<entity><named>&clubs;</named><hex>&#x02663;</hex><tex>\ding{168}</tex></entity>
<entity><named>&copysr;</named><hex>&#x02117;</hex><tex>\circledP</tex></entity>
<entity><named>&cross;</named><hex>&#x02717;</hex><tex>\ding{55}</tex></entity>
<entity><named>&dagger;</named><hex>&#x02020;</hex><tex>\dagger</tex></entity>
<entity><named>&Dagger;</named><hex>&#x02021;</hex><tex>\ddagger</tex></entity>
<entity><named>&dash;</named><hex>&#x02010;</hex><tex>-</tex></entity>
<entity><named>&diams;</named><hex>&#x02666;</hex><tex>\ding{169}</tex></entity>
<entity><named>&dlcrop;</named><hex>&#x0230D;</hex><tex>\dlcrop</tex></entity>
<entity><named>&drcrop;</named><hex>&#x0230C;</hex><tex>\drcrop</tex></entity>
<entity><named>&dtri;</named><hex>&#x025BF;</hex><tex>\triangledown</tex></entity>
<entity><named>&dtrif;</named><hex>&#x025BE;</hex><tex>\blacktriangledown</tex></entity>
<entity><named>&emsp;</named><hex>&#x02003;</hex><tex>\hspace{1em}</tex></entity>
<entity><named>&emsp13;</named><hex>&#x02004;</hex><tex>\hspace{0.33em}</tex></entity>
<entity><named>&emsp14;</named><hex>&#x02005;</hex><tex>\hspace{0.25em}</tex></entity>
<entity><named>&ensp;</named><hex>&#x02002;</hex><tex>\hspace{0.5em}</tex></entity>
<entity><named>&female;</named><hex>&#x02640;</hex><tex>\female</tex></entity>
<entity><named>&ffilig;</named><hex>&#x0FB03;</hex><tex>ffi</tex></entity>
<entity><named>&fflig;</named><hex>&#x0FB00;</hex><tex>ff</tex></entity>
<entity><named>&ffllig;</named><hex>&#x0FB04;</hex><tex>ffl</tex></entity>
<entity><named>&filig;</named><hex>&#x0FB01;</hex><tex>fi</tex></entity>
<entity><named>&flat;</named><hex>&#x0266D;</hex><tex>\flat</tex></entity>
<entity><named>&fllig;</named><hex>&#x0FB02;</hex><tex>fl</tex></entity>
<entity><named>&frac15;</named><hex>&#x02155;</hex><tex>\frac{1}{5}</tex></entity>
<entity><named>&frac13;</named><hex>&#x02153;</hex><tex>\frac{1}{3}</tex></entity>
<entity><named>&frac16;</named><hex>&#x02159;</hex><tex>\frac{1}{6}</tex></entity>
<entity><named>&frac23;</named><hex>&#x02154;</hex><tex>\frac{2}{3}</tex></entity>
<entity><named>&frac25;</named><hex>&#x02156;</hex><tex>\frac{2}{5}</tex></entity>
<entity><named>&frac35;</named><hex>&#x02157;</hex><tex>\frac{3}{5}</tex></entity>
<entity><named>&frac45;</named><hex>&#x02158;</hex><tex>\frac{4}{5}</tex></entity>
<entity><named>&frac56;</named><hex>&#x0215A;</hex><tex>\frac{5}{6}</tex></entity>
<entity><named>&hairsp;</named><hex>&#x0200A;</hex><tex>\hspace{1pt}</tex></entity>
<entity><named>&hearts;</named><hex>&#x02661;</hex><tex>\ding{170}</tex></entity>
<entity><named>&hellip;</named><hex>&#x02026;</hex><tex>\ldots</tex></entity>
<entity><named>&hybull;</named><hex>&#x02043;</hex><tex>\hybull</tex></entity>
<entity><named>&incare;</named><hex>&#x02105;</hex><tex>\incare</tex></entity>
<entity><named>&lhblk;</named><hex>&#x02584;</hex><tex>\lhblk</tex></entity>
<entity><named>&loz;</named><hex>&#x025CA;</hex><tex>\lozenge</tex></entity>
<entity><named>&lozf;</named><hex>&#x029EB;</hex><tex>\blacklozenge</tex></entity>
<entity><named>&lsquor;</named><hex>&#x0201A;</hex><tex>'</tex></entity>
<entity><named>&ltri;</named><hex>&#x025C3;</hex><tex>\triangleleft</tex></entity>
<entity><named>&ltrif;</named><hex>&#x025C2;</hex><tex>\blacktriangleleft</tex></entity>
<entity><named>&male;</named><hex>&#x02642;</hex><tex>\male</tex></entity>
<entity><named>&malt;</named><hex>&#x02720;</hex><tex>\maltese</tex></entity>
<entity><named>&marker;</named><hex>&#x025AE;</hex><tex>\marker</tex></entity>
<entity><named>&mdash;</named><hex>&#x02014;</hex><tex>---</tex></entity>
<entity><named>&mldr;</named><hex>&#x02026;</hex><tex>\mldr</tex></entity>
<entity><named>&natur;</named><hex>&#x0266E;</hex><tex>\natural</tex></entity>
<entity><named>&ndash;</named><hex>&#x02013;</hex><tex>--</tex></entity>
<entity><named>&nldr;</named><hex>&#x02025;</hex><tex>\nldr</tex></entity>
<entity><named>&numsp;</named><hex>&#x02007;</hex><tex>\hphantom{0}</tex></entity>
<entity><named>&phone;</named><hex>&#x0260E;</hex><tex>\phone</tex></entity>
<entity><named>&puncsp;</named><hex>&#x02008;</hex><tex>\hphantom{,}</tex></entity>
<entity><named>&rect;</named><hex>&#x025AD;</hex><tex>\Rectangle</tex></entity>
<entity><named>&rtri;</named><hex>&#x025B9;</hex><tex>\triangleright</tex></entity>
<entity><named>&rtrif;</named><hex>&#x025B8;</hex><tex>\blacktriangleright</tex></entity>
<entity><named>&rx;</named><hex>&#x0211E;</hex><tex>\Rx</tex></entity>
<entity><named>&sext;</named><hex>&#x02736;</hex><tex>\ding{86}</tex></entity>
<entity><named>&sharp;</named><hex>&#x0266F;</hex><tex>\sharp</tex></entity>
<entity><named>&spades;</named><hex>&#x02660;</hex><tex>\ding{171}</tex></entity>
<entity><named>&squ;</named><hex>&#x025A1;</hex><tex>\square</tex></entity>
<entity><named>&squf;</named><hex>&#x025AA;</hex><tex>\blacksquare</tex></entity>
<entity><named>&star;</named><hex>&#x022C6;</hex><tex>\ding{73}</tex></entity>
<entity><named>&starf;</named><hex>&#x02605;</hex><tex>\bigstar</tex></entity>
<entity><named>&target;</named><hex>&#x02316;</hex><tex>\mathchar"2208</tex></entity>
<entity><named>&telrec;</named><hex>&#x02315;</hex><tex>\recorder</tex></entity>
<entity><named>&thinsp;</named><hex>&#x02009;</hex><tex>\hspace{0.167em}</tex></entity>
<entity><named>&uhblk;</named><hex>&#x02580;</hex><tex>\uhblk</tex></entity>
<entity><named>&ulcrop;</named><hex>&#x0230F;</hex><tex>\ulcrop</tex></entity>
<entity><named>&urcrop;</named><hex>&#x0230E;</hex><tex>\urcrop</tex></entity>
<entity><named>&utri;</named><hex>&#x025B5;</hex><tex>\vartriangle</tex></entity>
<entity><named>&utrif;</named><hex>&#x025B4;</hex><tex>\blacktriangle</tex></entity>
<entity><named>&vellip;</named><hex>&#x022EE;</hex><tex>\vdots</tex></entity>
<entity><named>&acd;</named><hex>&#x0223F;</hex></entity>
<entity><named>&aleph;</named><hex>&#x02135;</hex><tex>\aleph</tex></entity>
<entity><named>&and;</named><hex>&#x02227;</hex><tex>\wedge</tex></entity>
<entity><named>&And;</named><hex>&#x02A53;</hex></entity>
<entity><named>&andand;</named><hex>&#x02A55;</hex></entity>
<entity><named>&andd;</named><hex>&#x02A5C;</hex></entity>
<entity><named>&andslope;</named><hex>&#x02A58;</hex><tex>\bigslopedwedge</tex></entity>
<entity><named>&andv;</named><hex>&#x02A5A;</hex></entity>
<entity><named>&angrt;</named><hex>&#x0221F;</hex></entity>
<entity><named>&angsph;</named><hex>&#x02222;</hex><tex>\sphericalangle</tex></entity>
<entity><named>&angst;</named><hex>&#x0212B;</hex><tex>\AA</tex></entity>
<entity><named>&ap;</named><hex>&#x02248;</hex><tex>\approx</tex></entity>
<entity><named>&apacir;</named><hex>&#x02A6F;</hex></entity>
<entity><named>&awconint;</named><hex>&#x02233;</hex></entity>
<entity><named>&awint;</named><hex>&#x02A11;</hex></entity>
<entity><named>&becaus;</named><hex>&#x02235;</hex><tex>\because</tex></entity>
<entity><named>&bernou;</named><hex>&#x0212C;</hex><tex>\mathscr{B}</tex></entity> 
<entity><named>&bnot;</named><hex>&#x02310;</hex></entity>
<entity><named>&bNot;</named><hex>&#x02AED;</hex></entity>
<entity><named>&bottom;</named><hex>&#x022A5;</hex><tex>\bot</tex></entity>
<entity><named>&cap;</named><hex>&#x02229;</hex><tex>\cap</tex></entity>
<entity><named>&Cconint;</named><hex>&#x02230;</hex></entity>
<entity><named>&cirfnint;</named><hex>&#x02A10;</hex></entity>
<entity><named>&compfn;</named><hex>&#x02218;</hex><tex>\circ</tex></entity>
<entity><named>&cong;</named><hex>&#x02245;</hex><tex>\cong</tex></entity>
<entity><named>&conint;</named><hex>&#x0222E;</hex><tex>\oint</tex></entity>
<entity><named>&Conint;</named><hex>&#x0222F;</hex></entity>
<entity><named>&ctdot;</named><hex>&#x022EF;</hex></entity>
<entity><named>&cup;</named><hex>&#x0222A;</hex><tex>\cup</tex></entity>
<entity><named>&cwconint;</named><hex>&#x02232;</hex></entity>
<entity><named>&cwint;</named><hex>&#x02231;</hex></entity>
<entity><named>&cylcty;</named><hex>&#x0232D;</hex></entity>
<entity><named>&disin;</named><hex>&#x022F2;</hex></entity>
<entity><named>&Dot;</named><hex>&#x000A8;</hex><tex>\ddot{}</tex></entity>
<entity><named>&DotDot;</named><hex>&#x020DC;</hex><tex>\ddddot</tex></entity>
<entity><named>&dsol;</named><hex>&#x02052;</hex></entity>
<entity><named>&dtdot;</named><hex>&#x022F1;</hex></entity>
<entity><named>&dwangle;</named><hex>&#x029A6;</hex></entity>
<entity><named>&epar;</named><hex>&#x022D5;</hex></entity>
<entity><named>&eparsl;</named><hex>&#x029E3;</hex></entity>
<entity><named>&equiv;</named><hex>&#x02261;</hex><tex>\equiv</tex></entity>
<entity><named>&eqvparsl;</named><hex>&#x029E5;</hex></entity>
<entity><named>&exist;</named><hex>&#x02203;</hex><tex>\exists</tex></entity>
<entity><named>&fnof;</named><hex>&#x00192;</hex></entity>
<entity><named>&forall;</named><hex>&#x02200;</hex><tex>\forall</tex></entity>
<entity><named>&fpartint;</named><hex>&#x02A0D;</hex></entity>
<entity><named>&ge;</named><hex>&#x02265;</hex><tex>\geq</tex></entity>
<entity><named>&hamilt;</named><hex>&#x0210B;</hex><tex>\mathscr{H}</tex></entity>	 
<entity><named>&iff;</named><hex>&#x021D4;</hex><tex>\iff</tex></entity>
<entity><named>&iinfin;</named><hex>&#x029DC;</hex></entity>
<entity><named>&imped;</named><hex>&#x1D543;</hex></entity>
<entity><named>&infin;</named><hex>&#x0221E;</hex><tex>\infty</tex></entity>
<entity><named>&int;</named><hex>&#x0222B;</hex><tex>\int</tex></entity>
<entity><named>&Int;</named><hex>&#x0222C;</hex></entity>
<entity><named>&intlarhk;</named><hex>&#x02A17;</hex></entity>
<entity><named>&isin;</named><hex>&#x02208;</hex><tex>\in</tex></entity>
<entity><named>&isindot;</named><hex>&#x022F5;</hex></entity>
<entity><named>&isinE;</named><hex>&#x022F9;</hex></entity>
<entity><named>&isins;</named><hex>&#x022F4;</hex></entity>
<entity><named>&isinsv;</named><hex>&#x022F3;</hex></entity>
<entity><named>&isinv;</named><hex>&#x02208;</hex></entity>
<entity><named>&lagran;</named><hex>&#x02112;</hex><tex>\mathscr{L}</tex></entity>
<entity><named>&lang;</named><hex>&#x03008;</hex><tex>\langle</tex></entity>
<entity><named>&Lang;</named><hex>&#x0300A;</hex></entity>
<entity><named>&lArr;</named><hex>&#x021D0;</hex><tex>\Leftarrow</tex></entity>
<entity><named>&hArr;</named><hex>&#x021D4;</hex><tex>\Leftrightarrow</tex></entity>
<entity><named>&lbbrk;</named><hex>&#x03014;</hex></entity>
<entity><named>&le;</named><hex>&#x02264;</hex><tex>\leq</tex></entity>
<entity><named>&loang;</named><hex>&#x03018;</hex></entity>
<entity><named>&lobrk;</named><hex>&#x0301A;</hex></entity>
<entity><named>&lopar;</named><hex>&#x02985;</hex></entity>
<entity><named>&lowast;</named><hex>&#x02217;</hex><tex>{_\ast}</tex></entity>
<entity><named>&minus;</named><hex>&#x02212;</hex><tex>-</tex></entity>
<entity><named>&mnplus;</named><hex>&#x02213;</hex><tex>\mp</tex></entity>
<entity><named>&nabla;</named><hex>&#x02207;</hex><tex>\nabla</tex></entity>
<entity><named>&ne;</named><hex>&#x02260;</hex><tex>\neq</tex></entity>
<entity><named>&nhpar;</named><hex>&#x02AF2;</hex></entity>
<entity><named>&ni;</named><hex>&#x0220B;</hex><tex>\ni</tex></entity>
<entity><named>&nis;</named><hex>&#x022FC;</hex></entity>
<entity><named>&nisd;</named><hex>&#x022FA;</hex></entity>
<entity><named>&niv;</named><hex>&#x0220B;</hex></entity>
<entity><named>&Not;</named><hex>&#x02AEC;</hex></entity>
<entity><named>&notin;</named><hex>&#x02209;</hex><tex>\not\in</tex></entity>
<entity><named>&notinvb;</named><hex>&#x022F7;</hex></entity>
<entity><named>&notinvc;</named><hex>&#x022F6;</hex></entity>
<entity><named>&notni;</named><hex>&#x0220C;</hex></entity>
<entity><named>&notniva;</named><hex>&#x0220C;</hex></entity>
<entity><named>&notnivb;</named><hex>&#x022FE;</hex></entity>
<entity><named>&notnivc;</named><hex>&#x022FD;</hex></entity>
<entity><named>&npolint;</named><hex>&#x02A14;</hex></entity>
<entity><named>&nvinfin;</named><hex>&#x029DE;</hex></entity>
<entity><named>&olcross;</named><hex>&#x029BB;</hex></entity>
<entity><named>&or;</named><hex>&#x02228;</hex><tex>\vee</tex></entity>
<entity><named>&Or;</named><hex>&#x02A54;</hex></entity>
<entity><named>&ord;</named><hex>&#x02A5D;</hex></entity>
<entity><named>&order;</named><hex>&#x02134;</hex><tex>\mathit{o}</tex></entity>
<entity><named>&oror;</named><hex>&#x02A56;</hex></entity>
<entity><named>&orslope;</named><hex>&#x02A57;</hex></entity>
<entity><named>&orv;</named><hex>&#x02A5B;</hex></entity>
<entity><named>&par;</named><hex>&#x02225;</hex><tex>\parallel</tex></entity>
<entity><named>&part;</named><hex>&#x02202;</hex><tex>\partial</tex></entity>
<entity><named>&permil;</named><hex>&#x02030;</hex><tex>\permil</tex></entity>
<entity><named>&perp;</named><hex>&#x022A5;</hex><tex>\perp</tex></entity>
<entity><named>&pertenk;</named><hex>&#x02031;</hex></entity>
<entity><named>&phmmat;</named><hex>&#x02133;</hex><tex>\mathscr{M}</tex></entity>
<entity><named>&pointint;</named><hex>&#x02A15;</hex></entity>
<entity><named>&prime;</named><hex>&#x02032;</hex><tex>'</tex></entity>
<entity><named>&Prime;</named><hex>&#x02033;</hex><tex>''</tex></entity>
<entity><named>&profalar;</named><hex>&#x0232E;</hex></entity>
<entity><named>&profline;</named><hex>&#x02312;</hex></entity>
<entity><named>&profsurf;</named><hex>&#x02313;</hex></entity>
<entity><named>&prop;</named><hex>&#x0221D;</hex><tex>\propto</tex></entity>
<entity><named>&qint;</named><hex>&#x02A0C;</hex></entity>
<entity><named>&qprime;</named><hex>&#x02057;</hex></entity>
<entity><named>&quatint;</named><hex>&#x02A16;</hex></entity>
<entity><named>&radic;</named><hex>&#x0221A;</hex><tex>\surd</tex></entity>
<entity><named>&rang;</named><hex>&#x03009;</hex><tex>\rangle</tex></entity>
<entity><named>&Rang;</named><hex>&#x0300B;</hex></entity>
<entity><named>&rArr;</named><hex>&#x021D2;</hex><tex>\Rightarrow</tex></entity>
<entity><named>&rbbrk;</named><hex>&#x03015;</hex></entity>
<entity><named>&roang;</named><hex>&#x03019;</hex></entity>
<entity><named>&robrk;</named><hex>&#x0301B;</hex></entity>
<entity><named>&ropar;</named><hex>&#x02986;</hex></entity>
<entity><named>&rppolint;</named><hex>&#x02A12;</hex></entity>
<entity><named>&scpolint;</named><hex>&#x02A13;</hex></entity>
<entity><named>&sim;</named><hex>&#x0223C;</hex><tex>\sim</tex></entity>
<entity><named>&simdot;</named><hex>&#x02A6A;</hex></entity>
<entity><named>&sime;</named><hex>&#x02243;</hex><tex>\simeq</tex></entity>
<entity><named>&smeparsl;</named><hex>&#x029E4;</hex></entity>
<entity><named>&square;</named><hex>&#x025A1;</hex><tex>\square</tex></entity>
<entity><named>&squarf;</named><hex>&#x025AA;</hex></entity>
<entity><named>&sub;</named><hex>&#x02282;</hex><tex>\subset</tex></entity>
<entity><named>&sube;</named><hex>&#x02286;</hex><tex>\subseteq</tex></entity>
<entity><named>&sup;</named><hex>&#x02283;</hex><tex>\supset</tex></entity>
<entity><named>&supe;</named><hex>&#x02287;</hex><tex>\supseteq</tex></entity>
<entity><named>&tdot;</named><hex>&#x020DB;</hex><tex>\dddot</tex></entity>
<entity><named>&there4;</named><hex>&#x02234;</hex><tex>\therefore</tex></entity>
<entity><named>&tint;</named><hex>&#x0222D;</hex></entity>
<entity><named>&top;</named><hex>&#x022A4;</hex><tex>\top</tex></entity>
<entity><named>&topbot;</named><hex>&#x02336;</hex></entity>
<entity><named>&topcir;</named><hex>&#x02AF1;</hex></entity>
<entity><named>&tprime;</named><hex>&#x02034;</hex><tex>'''</tex></entity>
<entity><named>&utdot;</named><hex>&#x022F0;</hex></entity>
<entity><named>&uwangle;</named><hex>&#x029A7;</hex></entity>
<entity><named>&vangrt;</named><hex>&#x022BE;</hex></entity>
<entity><named>&veeeq;</named><hex>&#x0225A;</hex></entity>
<entity><named>&Verbar;</named><hex>&#x02016;</hex><tex>\Vert</tex></entity>
<entity><named>&wedgeq;</named><hex>&#x02259;</hex><tex>\wedgeq</tex></entity>
<entity><named>&xnis;</named><hex>&#x022FB;</hex></entity>
<entity><named>&amp;</named><hex>&#x00026;</hex><tex>\&</tex></entity>
<entity><named>&apos;</named><hex>&#x00027;</hex><tex>'</tex></entity>
<entity><named>&ast;</named><hex>&#x0002A;</hex><tex>\ast</tex></entity>
<entity><named>&brvbar;</named><hex>&#x000A6;</hex><tex>\brokenvert</tex></entity>
<entity><named>&bsol;</named><hex>&#x0005C;</hex><tex>\backslash</tex></entity>
<entity><named>&cent;</named><hex>&#x000A2;</hex><tex>\cent</tex></entity>
<entity><named>&colon;</named><hex>&#x0003A;</hex></entity>
<entity><named>&comma;</named><hex>&#x0002C;</hex></entity>
<entity><named>&commat;</named><hex>&#x00040;</hex><tex>@</tex></entity>
<entity><named>&copy;</named><hex>&#x000A9;</hex><tex>\copyright</tex></entity>
<entity><named>&curren;</named><hex>&#x000A4;</hex><tex>\currency</tex></entity>
<entity><named>&darr;</named><hex>&#x02193;</hex><tex>\downarrow</tex></entity>
<entity><named>&deg;</named><hex>&#x000B0;</hex><tex>^\circ</tex></entity>
<entity><named>&cdeg;</named><hex>&#x02103;</hex><tex>$^\circ$C</tex></entity>
<entity><named>&divide;</named><hex>&#x000F7;</hex><tex>\div</tex></entity>
<entity><named>&dollar;</named><hex>&#x00024;</hex><tex>\$</tex></entity>
<entity><named>&equals;</named><hex>&#x0003D;</hex><tex>=</tex></entity>
<entity><named>&excl;</named><hex>&#x00021;</hex><tex>!</tex></entity>
<entity><named>&frac12;</named><hex>&#x000BD;</hex><tex>\sfrac{1}{2}</tex></entity>
<entity><named>&frac18;</named><hex>&#x0215B;</hex><tex>\sfrac{1}{8}</tex></entity>
<entity><named>&frac14;</named><hex>&#x000BC;</hex><tex>\sfrac{1}{4}</tex></entity>
<entity><named>&frac34;</named><hex>&#x000BE;</hex><tex>\sfrac{3}{4}</tex></entity>
<entity><named>&frac38;</named><hex>&#x0215C;</hex><tex>\sfrac{3}{8}</tex></entity>
<entity><named>&frac58;</named><hex>&#x0215D;</hex><tex>\sfrac{5}{8}</tex></entity>
<entity><named>&frac78;</named><hex>&#x0215E;</hex><tex>\sfrac{7}{8}</tex></entity>
<entity><named>&gt;</named><hex>&#x0003E;</hex><tex>></tex></entity>
<entity><named>&half;</named><hex>&#x000BD;</hex><tex>\sfrac{1}{2}</tex></entity>
<entity><named>&horbar;</named><hex>&#x02015;</hex><tex>---</tex></entity>
<entity><named>&hyphen;</named><hex>&#x02010;</hex><tex>-</tex></entity>
<entity><named>&iexcl;</named><hex>&#x000A1;</hex><tex>!‘</tex></entity>
<entity><named>&iquest;</named><hex>&#x000BF;</hex><tex>?‘</tex></entity>
<entity><named>&laquo;</named><hex>&#x000AB;</hex><tex>\guillemotleft</tex></entity>
<entity><named>&larr;</named><hex>&#x02190;</hex><tex>\leftarrow</tex></entity>
<entity><named>&lcub;</named><hex>&#x0007B;</hex><tex>\{</tex></entity>
<entity><named>&ldquo;</named><hex>&#x0201C;</hex><tex>``</tex></entity>
<entity><named>&lowbar;</named><hex>&#x0005F;</hex><tex>\_</tex></entity>
<entity><named>&lpar;</named><hex>&#x00028;</hex><tex>(</tex></entity>
<entity><named>&lsqb;</named><hex>&#x0005B;</hex><tex>[</tex></entity>
<entity><named>&lsquo;</named><hex>&#x02018;</hex><tex>`</tex></entity>
<entity><named>&lt;</named><hex>&#x0003C;</hex><tex><</tex></entity>
<entity><named>&micro;</named><hex>&#x000B5;</hex><tex>\mathrm{\mu}</tex></entity>
<entity><named>&Omicron;</named><hex>&#x0039F;</hex><tex>{\mathrm O}</tex></entity>
<entity><named>&omicron;</named><hex>&#x003BF;</hex><tex>{\mathrm o}</tex></entity>
<entity><named>&middot;</named><hex>&#x000B7;</hex><tex>\cdot</tex></entity>
<entity><named>&middot;</named><hex>&#x02219;</hex><tex>\cdot</tex></entity>
<entity><named>&nbsp;</named><hex>&#x000A0;</hex><tex>~</tex></entity>
<entity><named>&not;</named><hex>&#x000AC;</hex><tex>\lnot</tex></entity>
<entity><named>&num;</named><hex>&#x00023;</hex><tex>\#</tex></entity>
<entity><named>&ohm;</named><hex>&#x02126;</hex><tex>\Omega</tex></entity>
<entity><named>&ordf;</named><hex>&#x000AA;</hex><tex>\ordf</tex></entity>
<entity><named>&ordm;</named><hex>&#x000BA;</hex><tex>\ordm</tex></entity>
<entity><named>&para;</named><hex>&#x000B6;</hex><tex>\P</tex></entity>
<entity><named>&percnt;</named><hex>&#x00025;</hex><tex>\%</tex></entity>
<entity><named>&period;</named><hex>&#x0002E;</hex><tex>.</tex></entity>
<entity><named>&plus;</named><hex>&#x0002B;</hex><tex>+</tex></entity>
<entity><named>&plusmn;</named><hex>&#x000B1;</hex><tex>\pm</tex></entity>
<entity><named>&pound;</named><hex>&#x000A3;</hex><tex>\pounds</tex></entity>
<entity><named>&quest;</named><hex>&#x0003F;</hex><tex>?</tex></entity>
<entity><named>&quot;</named><hex>&#x00022;</hex><tex>"</tex></entity>
<entity><named>&raquo;</named><hex>&#x000BB;</hex><tex>\guillemotright</tex></entity>
<entity><named>&rarr;</named><hex>&#x02192;</hex><tex>\rightarrow</tex></entity>
<entity><named>&rcub;</named><hex>&#x0007D;</hex><tex>\}</tex></entity>
<entity><named>&rdquo;</named><hex>&#x0201D;</hex><tex>''</tex></entity>
<entity><named>&reg;</named><hex>&#x000AE;</hex><tex>\textregistered</tex></entity>
<entity><named>&rpar;</named><hex>&#x00029;</hex><tex>)</tex></entity>
<entity><named>&rsqb;</named><hex>&#x0005D;</hex><tex>]</tex></entity>
<entity><named>&rsquo;</named><hex>&#x02019;</hex><tex>'</tex></entity>
<entity><named>&rsquo;</named><hex>&rsquo;</hex><tex>'</tex></entity>
<entity><named>&sect;</named><hex>&#x000A7;</hex><tex>\S</tex></entity>
<entity><named>&semi;</named><hex>&#x0003B;</hex><tex>;</tex></entity>
<entity><named>&shy;</named><hex>&#x000AD;</hex><tex>\-</tex></entity>
<entity><named>&sol;</named><hex>&#x0002F;</hex><tex>/</tex></entity>
<entity><named>&sung;</named><hex>&#x0266A;</hex><tex>\textmusicalnote</tex></entity>
<entity><named>&sup1;</named><hex>&#x000B9;</hex><tex>^1</tex></entity>
<entity><named>&sup2;</named><hex>&#x000B2;</hex><tex>^2</tex></entity>
<entity><named>&sup3;</named><hex>&#x000B3;</hex><tex>^3</tex></entity>
<entity><named>&times;</named><hex>&#x000D7;</hex><tex>\times</tex></entity>
<entity><named>&trade;</named><hex>&#x02122;</hex><tex>\texttrademark</tex></entity>
<entity><named>&uarr;</named><hex>&#x02191;</hex><tex>\uparrow</tex></entity>
<entity><named>&verbar;</named><hex>&#x0007C;</hex><tex>\vert</tex></entity>
<entity><named>&yen;</named><hex>&#x000A5;</hex><tex>\yen</tex></entity>
<entity><named>&alpha;</named><hex>&#x003B1;</hex><tex>\alpha</tex></entity>
<entity><named>&beta;</named><hex>&#x003B2;</hex><tex>\beta</tex></entity>
<entity><named>&chi;</named><hex>&#x003C7;</hex><tex>\chi</tex></entity>
<entity><named>&delta;</named><hex>&#x003B4;</hex><tex>\delta</tex></entity>
<entity><named>&Delta;</named><hex>&#x00394;</hex><tex>\Delta</tex></entity>
<entity><named>&epsi;</named><hex>&#x003B5;</hex><tex>\epsilon</tex></entity>
<entity><named>&epsilon;</named><hex>&#x003B5;</hex><tex>\epsilon</tex></entity>
<entity><named>&epsiv;</named><hex>&#x0025B;</hex><tex>\varepsilon</tex></entity>
<entity><named>&eta;</named><hex>&#x003B7;</hex><tex>\eta</tex></entity>
<entity><named>&gamma;</named><hex>&#x003B3;</hex><tex>\gamma</tex></entity>
<entity><named>&Gamma;</named><hex>&#x00393;</hex><tex>\Gamma</tex></entity>
<entity><named>&gammad;</named><hex>&#x003DC;</hex><tex>\digamma</tex></entity>
<entity><named>&Gammad;</named><hex>&#x003DC;</hex></entity>
<entity><named>&iota;</named><hex>&#x003B9;</hex><tex>\iota</tex></entity>
<entity><named>&kappa;</named><hex>&#x003BA;</hex><tex>\kappa</tex></entity>
<entity><named>&kappav;</named><hex>&#x003F0;</hex><tex>\varkappa</tex></entity>
<entity><named>&lambda;</named><hex>&#x003BB;</hex><tex>\lambda</tex></entity>
<entity><named>&Lambda;</named><hex>&#x0039B;</hex><tex>\Lambda</tex></entity>
<entity><named>&mu;</named><hex>&#x003BC;</hex><tex>\mu</tex></entity>
<entity><named>&mu;</named><hex>&#x0339B;</hex><tex>\mu</tex></entity>
<entity><named>&nu;</named><hex>&#x003BD;</hex><tex>\nu</tex></entity>
<entity><named>&omega;</named><hex>&#x003C9;</hex><tex>\omega</tex></entity>
<entity><named>&Omega;</named><hex>&#x003A9;</hex><tex>\Omega</tex></entity>
<entity><named>&phi;</named><hex>&#x003C6;</hex><tex>\phi</tex></entity>
<entity><named>&Phi;</named><hex>&#x003A6;</hex><tex>\Phi</tex></entity>
<entity><named>&phiv;</named><hex>&#x003D5;</hex><tex>\varphi</tex></entity>
<entity><named>&pi;</named><hex>&#x003C0;</hex><tex>\pi</tex></entity>
<entity><named>&Pi;</named><hex>&#x003A0;</hex><tex>\Pi</tex></entity>
<entity><named>&piv;</named><hex>&#x003D6;</hex><tex>\varpi</tex></entity>
<entity><named>&psi;</named><hex>&#x003C8;</hex><tex>\psi</tex></entity>
<entity><named>&Psi;</named><hex>&#x003A8;</hex><tex>\Psi</tex></entity>
<entity><named>&rho;</named><hex>&#x003C1;</hex><tex>\rho</tex></entity>
<entity><named>&rhov;</named><hex>&#x003F1;</hex><tex>\varrho</tex></entity>
<entity><named>&sigma;</named><hex>&#x003C3;</hex><tex>\sigma</tex></entity>
<entity><named>&Sigma;</named><hex>&#x003A3;</hex><tex>\Sigma</tex></entity>
<entity><named>&sigmav;</named><hex>&#x003C2;</hex><tex>\varsigma</tex></entity>
<entity><named>&tau;</named><hex>&#x003C4;</hex><tex>\tau</tex></entity>
<entity><named>&theta;</named><hex>&#x003B8;</hex><tex>\theta</tex></entity>
<entity><named>&Theta;</named><hex>&#x00398;</hex><tex>\Theta</tex></entity>
<entity><named>&thetav;</named><hex>&#x003D1;</hex><tex>\vartheta</tex></entity>
<entity><named>&upsi;</named><hex>&#x003C5;</hex><tex>\upsilon</tex></entity>
<entity><named>&Upsi;</named><hex>&#x003D2;</hex><tex>\Upsilon</tex></entity>
<entity><named>&xi;</named><hex>&#x003BE;</hex><tex>\xi</tex></entity>
<entity><named>&Xi;</named><hex>&#x0039E;</hex><tex>\Xi</tex></entity>
<entity><named>&zeta;</named><hex>&#x003B6;</hex><tex>\zeta</tex></entity>
<entity><named>&acute;</named><hex>&#x000B4;</hex></entity>
<entity><named>&breve;</named><hex>&#x002D8;</hex></entity>
<entity><named>&caron;</named><hex>&#x002C7;</hex></entity>
<entity><named>&cedil;</named><hex>&#x000B8;</hex></entity>
<entity><named>&circ;</named><hex>&#x0005E;</hex></entity>
<entity><named>&dblac;</named><hex>&#x002DD;</hex></entity>
<entity><named>&die;</named><hex>&#x000A8;</hex></entity>
<entity><named>&dot;</named><hex>&#x002D9;</hex></entity>
<entity><named>&grave;</named><hex>&#x00060;</hex></entity>
<entity><named>&macr;</named><hex>&#x000AF;</hex></entity>
<entity><named>&ogon;</named><hex>&#x002DB;</hex></entity>
<entity><named>&ring;</named><hex>&#x002DA;</hex></entity>
<entity><named>&tilde;</named><hex>&#x002DC;</hex></entity>
<entity><named>&uml;</named><hex>&#x000A8;</hex></entity>	
<entity><named>&rtri;</named><hex>&#x022B3;</hex><tex>\triangleright</tex></entity>
<entity><named>&sum;</named><hex>&#x02211;</hex><tex>\sum</tex></entity>
<entity><named>&sdot;</named><hex>&#x022C5;</hex><tex>\cdot</tex></entity>
<entity><named>&sccue;</named><hex>&#x0227D;</hex><tex>\succcurlyeq</tex></entity>
<entity><named>&sc;</named><hex>&#x0227B;</hex><tex>\succ</tex></entity>
<entity><named>&prcue;</named><hex>&#x0227C;</hex></entity>
<entity><named>&pr;</named><hex>&#x0227A;</hex><tex>\prec</tex></entity>
<entity><named>&Scy;</named><hex>&#x00421;</hex><tex>\cyr{S}</tex></entity>
<entity><named>&tcy;</named><hex>&#x00442;</hex><tex>\cyr{t}</tex></entity>
<entity><named>&Tcy;</named><hex>&#x00422;</hex><tex>\cyr{T}</tex></entity>
<entity><named>&acy;</named><hex>&#x00430;</hex><tex>\cyr{a}</tex></entity>
<entity><named>&Acy;</named><hex>&#x00410;</hex><tex>\cyr{A}</tex></entity>
<entity><named>&rcy;</named><hex>&#x00440;</hex><tex>\cyr{r}</tex></entity>
<entity><named>&Rcy;</named><hex>&#x00420;</hex><tex>\cyr{R}</tex></entity>
<entity><named>&ocy;</named><hex>&#x0043E;</hex><tex>\cyr{o}</tex></entity>
<entity><named>&Ocy;</named><hex>&#x0041E;</hex><tex>\cyr{O}</tex></entity>
<entity><named>&iecy;</named><hex>&#x00435;</hex><tex>\cyr{e}</tex></entity>
<entity><named>&IEcy;</named><hex>&#x00415;</hex><tex>\cyr{E}</tex></entity>
<entity><named>&scy;</named><hex>&#x00441;</hex><tex>\cyr{s}</tex></entity>
<entity><named>&Scy;</named><hex>&#x00421;</hex><tex>\cyr{S}</tex></entity>
<entity><named>&vcy;</named><hex>&#x00432;</hex><tex>\cyr{v}</tex></entity>
<entity><named>&Vcy;</named><hex>&#x00412;</hex><tex>\cyr{V}</tex></entity>
<entity><named>&icy;</named><hex>&#x00438;</hex><tex>\cyr{i}</tex></entity>
<entity><named>&Icy;</named><hex>&#x00418;</hex><tex>\cyr{I}</tex></entity>
<entity><named>&dcy;</named><hex>&#x00434;</hex><tex>\cyr{d}</tex></entity>
<entity><named>&Dcy;</named><hex>&#x00414;</hex><tex>\cyr{D}</tex></entity>
<entity><named>&lcy;</named><hex>&#x00438;</hex><tex>\cyr{l}</tex></entity>
<entity><named>&Lcy;</named><hex>&#x00418;</hex><tex>\cyr{L}</tex></entity>
<entity><named>&softcy;</named><hex>&#x0044C;</hex><tex>\cyr{\cprime}</tex></entity>
<entity><named>&SOFTcy;</named><hex>&#x0042C;</hex><tex>\cyr{\Cprime}</tex></entity>
<entity><named>&pcy;</named><hex>&#x0043F;</hex><tex>\cyr{p}</tex></entity>
<entity><named>&Pcy;</named><hex>&#x0041F;</hex><tex>\cyr{P}</tex></entity>
<entity><named>&zhcy;</named><hex>&#x00436;</hex><tex>\cyr{zh}</tex></entity>
<entity><named>&ZHcy;</named><hex>&#x00416;</hex><tex>\cyr{Zh}</tex></entity>    
<entity><named>&ncy;</named><hex>&#x0043D;</hex><tex>\cyr{n}</tex></entity>
<entity><named>&Ncy;</named><hex>&#x0041D;</hex><tex>\cyr{N}</tex></entity>
<entity><named>&gcy;</named><hex>&#x00433;</hex><tex>\cyr{g}</tex></entity>
<entity><named>&Gcy;</named><hex>&#x00413;</hex><tex>\cyr{G}</tex></entity>
<entity><named>&zcy;</named><hex>&#x00437;</hex><tex>\cyr{z}</tex></entity>
<entity><named>&Zcy;</named><hex>&#x00417;</hex><tex>\cyr{Z}</tex></entity>
<entity><named>&mcy;</named><hex>&#x0043C;</hex><tex>\cyr{m}</tex></entity>
<entity><named>&Mcy;</named><hex>&#x0041C;</hex><tex>\cyr{M}</tex></entity>
<entity><named>&kcy;</named><hex>&#x0043A;</hex><tex>\cyr{k}</tex></entity>
<entity><named>&Kcy;</named><hex>&#x0041A;</hex><tex>\cyr{K}</tex></entity>
<entity><named>&ucy;</named><hex>&#x00443;</hex><tex>\cyr{u}</tex></entity>
<entity><named>&Ucy;</named><hex>&#x00423;</hex><tex>\cyr{U}</tex></entity>
<entity><named>&jcy;</named><hex>&#x00439;</hex><tex>$\cyr{\u\i}</tex></entity>
<entity><named>&Jcy;</named><hex>&#x00419;</hex><tex>\cyr{\u{I}}</tex></entity>
<entity><named>&tscy;</named><hex>&#x00446;</hex><tex>\cyr{ts}</tex></entity>
<entity><named>&TScy;</named><hex>&#x00426;</hex><tex>\cyr{Ts}</tex></entity>
<entity><named>&shcy;</named><hex>&#x00448;</hex><tex>\cyr{sh}</tex></entity>
<entity><named>&SHcy;</named><hex>&#x00428;</hex><tex>\cyr{Sh}</tex></entity>
<entity><named>&bdquo;</named><hex>&#x0201E;</hex><tex>\,\,</tex></entity>
</entities>