<journalinfo>
<journal pubid="TANDF-DOVE" jnlid="AABC">
     <publishername>Dove</publishername>
     <publisherlocation>NZ</publisherlocation>
     <journalmnemonic>AABC</journalmnemonic>
     <journalfulltitle>Advances and Applications in Bioinformatics and Chemistry</journalfulltitle>
     <journalsubtitle/>
     <sorttitle></sorttitle>
     <journalabbreviatedtitle></journalabbreviatedtitle>
     <printissn></printissn>
     <eissn>1178-6949</eissn>
     <journaldoi>10.2147</journaldoi>
     <copyright>CC-BY-NC</copyright>
     <copyrighttype>Full</copyrighttype>
     <supplier>LUM</supplier>
     <archive status="false"/>
  </journal>    
	<journal pubid="TANDF-DOVE" jnlid="CCIDE">
		<publishername>Dove</publishername>
		<publisherlocation>NZ</publisherlocation>
		<journalmnemonic>CCIDE</journalmnemonic>
		<journalfulltitle>Clinical, Cosmetic and Investigational Dentistry</journalfulltitle>
		<journalsubtitle/>
		<sorttitle></sorttitle>
		<journalabbreviatedtitle></journalabbreviatedtitle>
		<printissn></printissn>
		<eissn>1179-1357</eissn>
		<journaldoi>10.2147</journaldoi>
		<copyright>CC-BY-NC</copyright>
		<copyrighttype>Full</copyrighttype>
		<supplier>LUM</supplier>
		<archive status="false"/>
	</journal>
	<journal pubid="TANDF-DOVE" jnlid="NDT">
		<publishername>Dove</publishername>
		<publisherlocation>NZ</publisherlocation>
		<journalmnemonic>NDT</journalmnemonic>
		<journalfulltitle>Neuropsychiatric Disease and Treatment</journalfulltitle>
		<journalsubtitle/>
		<sorttitle></sorttitle>
		<journalabbreviatedtitle></journalabbreviatedtitle>
		<printissn>1176-6328</printissn>
		<eissn>1178-2021</eissn>
		<journaldoi>10.2147</journaldoi>
		<copyright>CC-BY-NC</copyright>
		<copyrighttype>Full</copyrighttype>
		<supplier>LUM</supplier>
		<archive status="false"/>
	</journal>
	<journal pubid="TANDF-DOVE" jnlid="CEG">
		<publishername>Dove</publishername>
		<publisherlocation>NZ</publisherlocation>
		<journalmnemonic>CEG</journalmnemonic>
		<journalfulltitle>Clinical and Experimental Gastroenterology</journalfulltitle>
		<journalsubtitle/>
		<sorttitle></sorttitle>
		<journalabbreviatedtitle></journalabbreviatedtitle>
		<printissn></printissn>
		<eissn>1178-7023</eissn>
		<journaldoi>10.2147</journaldoi>
		<copyright>CC-BY-NC</copyright>
		<copyrighttype>Full</copyrighttype>
		<supplier>LUM</supplier>
		<archive status="false"/>
	</journal>
	<journal pubid="TANDF-DOVE" jnlid="CEOR">
		<publishername>Dove</publishername>
		<publisherlocation>NZ</publisherlocation>
		<journalmnemonic>CEOR</journalmnemonic>
		<journalfulltitle>ClinicoEconomics and Outcomes Research</journalfulltitle>
		<journalsubtitle/>
		<sorttitle></sorttitle>
		<journalabbreviatedtitle></journalabbreviatedtitle>
		<printissn></printissn>
		<eissn>1178-6981</eissn>
		<journaldoi>10.2147</journaldoi>
		<copyright>CC-BY-NC</copyright>
		<copyrighttype>Full</copyrighttype>
		<supplier>LUM</supplier>
		<archive status="false"/>
	</journal>
	<journal pubid="TANDF-DOVE" jnlid="NDT">
		<publishername>Dove</publishername>
		<publisherlocation>NZ</publisherlocation>
		<journalmnemonic>NDT</journalmnemonic>
		<journalfulltitle>Neuropsychiatric Disease and Treatment</journalfulltitle>
		<journalsubtitle/>
		<sorttitle></sorttitle>
		<journalabbreviatedtitle></journalabbreviatedtitle>
		<printissn>1176-6328</printissn>
		<eissn>1178-2021</eissn>
		<journaldoi>10.2147</journaldoi>
		<copyright>CC-BY-NC</copyright>
		<copyrighttype>Full</copyrighttype>
		<supplier>LUM</supplier>
		<archive status="false"/>
	</journal>
	<journal pubid="TANDF-DOVE" jnlid="CIA">
		<publishername>Dove</publishername>
		<publisherlocation>NZ</publisherlocation>
		<journalmnemonic>CIA</journalmnemonic>
		<journalfulltitle>Clinical Interventions in Aging</journalfulltitle>
		<journalsubtitle/>
		<sorttitle></sorttitle>
		<journalabbreviatedtitle></journalabbreviatedtitle>
		<printissn>1176-9092</printissn>
		<eissn>1178-1998</eissn>
		<journaldoi>10.2147</journaldoi>
		<copyright>CC-BY-NC</copyright>
		<copyrighttype>Full</copyrighttype>
		<supplier>LUM</supplier>
		<archive status="false"/>
	</journal>
	<journal pubid="TANDF-DOVE" jnlid="CLEP">
		<publishername>Dove</publishername>
		<publisherlocation>NZ</publisherlocation>
		<journalmnemonic>CLEP</journalmnemonic>
		<journalfulltitle>Clinical Epidemiology</journalfulltitle>
		<journalsubtitle/>
		<sorttitle></sorttitle>
		<journalabbreviatedtitle></journalabbreviatedtitle>
		<printissn></printissn>
		<eissn>1179-1349</eissn>
		<journaldoi>10.2147</journaldoi>
		<copyright>CC-BY-NC</copyright>
		<copyrighttype>Full</copyrighttype>
		<supplier>LUM</supplier>
		<archive status="false"/>
	</journal>
	<journal pubid="TANDF-DOVE" jnlid="CMAR">
		<publishername>Dove</publishername>
		<publisherlocation>NZ</publisherlocation>
		<journalmnemonic>CMAR</journalmnemonic>
		<journalfulltitle>Cancer Management and Research</journalfulltitle>
		<journalsubtitle/>
		<sorttitle></sorttitle>
		<journalabbreviatedtitle></journalabbreviatedtitle>
		<printissn></printissn>
		<eissn>1179-1322</eissn>
		<journaldoi>10.2147</journaldoi>
		<copyright>CC-BY-NC</copyright>
		<copyrighttype>Full</copyrighttype>
		<supplier>LUM</supplier>
		<archive status="false"/>
	</journal>
	<journal pubid="TANDF-DOVE" jnlid="COPD">
		<publishername>Dove</publishername>
		<publisherlocation>NZ</publisherlocation>
		<journalmnemonic>COPD</journalmnemonic>
		<journalfulltitle>International Journal of Chronic Obstructive Pulmonary Disease</journalfulltitle>
		<journalsubtitle/>
		<sorttitle></sorttitle>
		<journalabbreviatedtitle></journalabbreviatedtitle>
		<printissn>1176-9106</printissn>
		<eissn>1178-2005</eissn>
		<journaldoi>10.2147</journaldoi>
		<copyright>CC-BY-NC</copyright>
		<copyrighttype>Full</copyrighttype>
		<supplier>LUM</supplier>
		<archive status="false"/>
	</journal>
	<journal pubid="TANDF-DOVE" jnlid="CPAA">
		<publishername>Dove</publishername>
		<publisherlocation>NZ</publisherlocation>
		<journalmnemonic>CPAA</journalmnemonic>
		<journalfulltitle>Clinical Pharmacology: Advances and Applications</journalfulltitle>
		<journalsubtitle/>
		<sorttitle></sorttitle>
		<journalabbreviatedtitle></journalabbreviatedtitle>
		<printissn></printissn>
		<eissn>1179-1438</eissn>
		<journaldoi>10.2147</journaldoi>
		<copyright>CC-BY-NC</copyright>
		<copyrighttype>Full</copyrighttype>
		<supplier>LUM</supplier>
		<archive status="false"/>
	</journal>
	<journal pubid="TANDF-DOVE" jnlid="AHMT">
		<publishername>Dove</publishername>
		<publisherlocation>NZ</publisherlocation>
		<journalmnemonic>AHMT</journalmnemonic>
		<journalfulltitle>Adolescent Health, Medicine and Therapeutics</journalfulltitle>
		<journalsubtitle/>
		<sorttitle></sorttitle>
		<journalabbreviatedtitle></journalabbreviatedtitle>
		<printissn></printissn>
		<eissn>1179-318X</eissn>
		<journaldoi>10.2147</journaldoi>
		<copyright>CC-BY-NC</copyright>
		<copyrighttype>Full</copyrighttype>
		<supplier>LUM</supplier>
		<archive status="false"/>
	</journal>
	<journal pubid="TANDF-DOVE" jnlid="CWCMR">
		<publishername>Dove</publishername>
		<publisherlocation>NZ</publisherlocation>
		<journalmnemonic>CWCMR</journalmnemonic>
		<journalfulltitle>Chronic Wound Care Management and Research</journalfulltitle>
		<journalsubtitle/>
		<sorttitle></sorttitle>
		<journalabbreviatedtitle></journalabbreviatedtitle>
		<printissn></printissn>
		<eissn>2324-481X</eissn>
		<journaldoi>10.2147</journaldoi>
		<copyright>CC-BY-NC</copyright>
		<copyrighttype>Full</copyrighttype>
		<supplier>LUM</supplier>
		<archive status="false"/>
	</journal>
	<journal pubid="TANDF-DOVE" jnlid="DDDT">
		<publishername>Dove</publishername>
		<publisherlocation>NZ</publisherlocation>
		<journalmnemonic>DDDT</journalmnemonic>
		<journalfulltitle>Drug Design, Development and Therapy</journalfulltitle>
		<journalsubtitle/>
		<sorttitle></sorttitle>
		<journalabbreviatedtitle></journalabbreviatedtitle>
		<printissn></printissn>
		<eissn>1177-8881</eissn>
		<journaldoi>10.2147</journaldoi>
		<copyright>CC-BY-NC</copyright>
		<copyrighttype>Full</copyrighttype>
		<supplier>LUM</supplier>
		<archive status="false"/>
	</journal>
	<journal pubid="TANDF-DOVE" jnlid="DHPS">
		<publishername>Dove</publishername>
		<publisherlocation>NZ</publisherlocation>
		<journalmnemonic>DHPS</journalmnemonic>
		<journalfulltitle>Drug, Healthcare and Patient Safety</journalfulltitle>
		<journalsubtitle/>
		<sorttitle></sorttitle>
		<journalabbreviatedtitle></journalabbreviatedtitle>
		<printissn></printissn>
		<eissn>1179-1365</eissn>
		<journaldoi>10.2147</journaldoi>
		<copyright>CC-BY-NC</copyright>
		<copyrighttype>Full</copyrighttype>
		<supplier>LUM</supplier>
		<archive status="false"/>
	</journal>
	<journal pubid="TANDF-DOVE" jnlid="DMSO">
		<publishername>Dove</publishername>
		<publisherlocation>NZ</publisherlocation>
		<journalmnemonic>DMSO</journalmnemonic>
		<journalfulltitle>Diabetes, Metabolic Syndrome and Obesity</journalfulltitle>
		<journalsubtitle/>
		<sorttitle></sorttitle>
		<journalabbreviatedtitle></journalabbreviatedtitle>
		<printissn></printissn>
		<eissn>1178-7007</eissn>
		<journaldoi>10.2147</journaldoi>
		<copyright>CC-BY-NC</copyright>
		<copyrighttype>Full</copyrighttype>
		<supplier>LUM</supplier>
		<archive status="false"/>
	</journal>
	<journal pubid="TANDF-DOVE" jnlid="DNND">
		<publishername>Dove</publishername>
		<publisherlocation>NZ</publisherlocation>
		<journalmnemonic>DNND</journalmnemonic>
		<journalfulltitle>Degenerative Neurological and Neuromuscular Disease</journalfulltitle>
		<journalsubtitle/>
		<sorttitle></sorttitle>
		<journalabbreviatedtitle></journalabbreviatedtitle>
		<printissn></printissn>
		<eissn>1179-9900</eissn>
		<journaldoi>10.2147</journaldoi>
		<copyright>CC-BY-NC</copyright>
		<copyrighttype>Full</copyrighttype>
		<supplier>LUM</supplier>
		<archive status="false"/>
	</journal>
	<journal pubid="TANDF-DOVE" jnlid="EB">
		<publishername>Dove</publishername>
		<publisherlocation>NZ</publisherlocation>
		<journalmnemonic>EB</journalmnemonic>
		<journalfulltitle>Eye and Brain</journalfulltitle>
		<journalsubtitle/>
		<sorttitle></sorttitle>
		<journalabbreviatedtitle></journalabbreviatedtitle>
		<printissn></printissn>
		<eissn>1179-2744</eissn>
		<journaldoi>10.2147</journaldoi>
		<copyright>CC-BY-NC</copyright>
		<copyrighttype>Full</copyrighttype>
		<supplier>LUM</supplier>
		<archive status="false"/>
	</journal>
	<journal pubid="TANDF-DOVE" jnlid="HIV">
		<publishername>Dove</publishername>
		<publisherlocation>NZ</publisherlocation>
		<journalmnemonic>HIV</journalmnemonic>
		<journalfulltitle>HIV/AIDS - Research and Palliative Care</journalfulltitle>
		<journalsubtitle/>
		<sorttitle></sorttitle>
		<journalabbreviatedtitle></journalabbreviatedtitle>
		<printissn></printissn>
		<eissn>1179-1373</eissn>
		<journaldoi>10.2147</journaldoi>
		<copyright>CC-BY-NC</copyright>
		<copyrighttype>Full</copyrighttype>
		<supplier>LUM</supplier>
		<archive status="false"/>
	</journal>
	<journal pubid="TANDF-DOVE" jnlid="HMER">
		<publishername>Dove</publishername>
		<publisherlocation>NZ</publisherlocation>
		<journalmnemonic>HMER</journalmnemonic>
		<journalfulltitle>Hepatic Medicine: Evidence and Research</journalfulltitle>
		<journalsubtitle/>
		<sorttitle></sorttitle>
		<journalabbreviatedtitle></journalabbreviatedtitle>
		<printissn></printissn>
		<eissn>1179-1535</eissn>
		<journaldoi>10.2147</journaldoi>
		<copyright>CC-BY-NC</copyright>
		<copyrighttype>Full</copyrighttype>
		<supplier>LUM</supplier>
		<archive status="false"/>
	</journal>
	<journal pubid="TANDF-DOVE" jnlid="NDT">
		<publishername>Dove</publishername>
		<publisherlocation>NZ</publisherlocation>
		<journalmnemonic>NDT</journalmnemonic>
		<journalfulltitle>Neuropsychiatric Disease and Treatment</journalfulltitle>
		<journalsubtitle/>
		<sorttitle></sorttitle>
		<journalabbreviatedtitle></journalabbreviatedtitle>
		<printissn>1176-6328</printissn>
		<eissn>1178-2021</eissn>
		<journaldoi>10.2147</journaldoi>
		<copyright>CC-BY-NC</copyright>
		<copyrighttype>Full</copyrighttype>
		<supplier>LUM</supplier>
		<archive status="false"/>
	</journal>
	<journal pubid="TANDF-DOVE" jnlid="IBPC">
		<publishername>Dove</publishername>
		<publisherlocation>NZ</publisherlocation>
		<journalmnemonic>IBPC</journalmnemonic>
		<journalfulltitle>Integrated Blood Pressure Control</journalfulltitle>
		<journalsubtitle/>
		<sorttitle></sorttitle>
		<journalabbreviatedtitle></journalabbreviatedtitle>
		<printissn></printissn>
		<eissn>1178-7104</eissn>
		<journaldoi>10.2147</journaldoi>
		<copyright>CC-BY-NC</copyright>
		<copyrighttype>Full</copyrighttype>
		<supplier>LUM</supplier>
		<archive status="false"/>
	</journal>
	<journal pubid="TANDF-DOVE" jnlid="AMEP">
		<publishername>Dove</publishername>
		<publisherlocation>NZ</publisherlocation>
		<journalmnemonic>AMEP</journalmnemonic>
		<journalfulltitle>Advances in Medical Education and Practice</journalfulltitle>
		<journalsubtitle/>
		<sorttitle></sorttitle>
		<journalabbreviatedtitle></journalabbreviatedtitle>
		<printissn></printissn>
		<eissn>1179-7258</eissn>
		<journaldoi>10.2147</journaldoi>
		<copyright>CC-BY-NC</copyright>
		<copyrighttype>Full</copyrighttype>
		<supplier>LUM</supplier>
		<archive status="false"/>
	</journal>
	<journal pubid="TANDF-DOVE" jnlid="IDR">
		<publishername>Dove</publishername>
		<publisherlocation>NZ</publisherlocation>
		<journalmnemonic>IDR</journalmnemonic>
		<journalfulltitle>Infection and Drug Resistance</journalfulltitle>
		<journalsubtitle/>
		<sorttitle></sorttitle>
		<journalabbreviatedtitle></journalabbreviatedtitle>
		<printissn></printissn>
		<eissn>1178-6973</eissn>
		<journaldoi>10.2147</journaldoi>
		<copyright>CC-BY-NC</copyright>
		<copyrighttype>Full</copyrighttype>
		<supplier>LUM</supplier>
		<archive status="false"/>
	</journal>
	<journal pubid="TANDF-DOVE" jnlid="IEH">
		<publishername>Dove</publishername>
		<publisherlocation>NZ</publisherlocation>
		<journalmnemonic>IEH</journalmnemonic>
		<journalfulltitle>Innovation and Entrepreneurship in Health</journalfulltitle>
		<journalsubtitle/>
		<sorttitle></sorttitle>
		<journalabbreviatedtitle></journalabbreviatedtitle>
		<printissn></printissn>
		<eissn>2324-5905</eissn>
		<journaldoi>10.2147</journaldoi>
		<copyright>CC-BY-NC</copyright>
		<copyrighttype>Full</copyrighttype>
		<supplier>LUM</supplier>
		<archive status="false"/>
	</journal>
	<journal pubid="TANDF-DOVE" jnlid="IJCTM">
		<publishername>Dove</publishername>
		<publisherlocation>NZ</publisherlocation>
		<journalmnemonic>IJCTM</journalmnemonic>
		<journalfulltitle>International Journal of Clinical Transfusion Medicine</journalfulltitle>
		<journalsubtitle/>
		<sorttitle></sorttitle>
		<journalabbreviatedtitle></journalabbreviatedtitle>
		<printissn></printissn>
		<eissn>2253-3249</eissn>
		<journaldoi>10.2147</journaldoi>
		<copyright>CC-BY-NC</copyright>
		<copyrighttype>Full</copyrighttype>
		<supplier>LUM</supplier>
		<archive status="false"/>
	</journal>
	<journal pubid="TANDF-DOVE" jnlid="IJGM">
		<publishername>Dove</publishername>
		<publisherlocation>NZ</publisherlocation>
		<journalmnemonic>IJGM</journalmnemonic>
		<journalfulltitle>International Journal of General Medicine</journalfulltitle>
		<journalsubtitle/>
		<sorttitle></sorttitle>
		<journalabbreviatedtitle></journalabbreviatedtitle>
		<printissn></printissn>
		<eissn>1178-7074</eissn>
		<journaldoi>10.2147</journaldoi>
		<copyright>CC-BY-NC</copyright>
		<copyrighttype>Full</copyrighttype>
		<supplier>LUM</supplier>
		<archive status="false"/>
	</journal>
	<journal pubid="TANDF-DOVE" jnlid="IJN">
		<publishername>Dove</publishername>
		<publisherlocation>NZ</publisherlocation>
		<journalmnemonic>IJN</journalmnemonic>
		<journalfulltitle>International Journal of Nanomedicine</journalfulltitle>
		<journalsubtitle/>
		<sorttitle></sorttitle>
		<journalabbreviatedtitle></journalabbreviatedtitle>
		<printissn>1176-9114</printissn>
		<eissn>1178-2013</eissn>
		<journaldoi>10.2147</journaldoi>
		<copyright>CC-BY-NC</copyright>
		<copyrighttype>Full</copyrighttype>
		<supplier>LUM</supplier>
		<archive status="false"/>
	</journal>
	<journal pubid="TANDF-DOVE" jnlid="IJNRD">
		<publishername>Dove</publishername>
		<publisherlocation>NZ</publisherlocation>
		<journalmnemonic>IJNRD</journalmnemonic>
		<journalfulltitle>International Journal of Nephrology and Renovascular Disease</journalfulltitle>
		<journalsubtitle/>
		<sorttitle></sorttitle>
		<journalabbreviatedtitle></journalabbreviatedtitle>
		<printissn></printissn>
		<eissn>1178-7058</eissn>
		<journaldoi>10.2147</journaldoi>
		<copyright>CC-BY-NC</copyright>
		<copyrighttype>Full</copyrighttype>
		<supplier>LUM</supplier>
		<archive status="false"/>
	</journal>
	<journal pubid="TANDF-DOVE" jnlid="IJWH">
		<publishername>Dove</publishername>
		<publisherlocation>NZ</publisherlocation>
		<journalmnemonic>IJWH</journalmnemonic>
		<journalfulltitle>International Journal of Women's Health</journalfulltitle>
		<journalsubtitle/>
		<sorttitle></sorttitle>
		<journalabbreviatedtitle></journalabbreviatedtitle>
		<printissn></printissn>
		<eissn>1179-1411</eissn>
		<journaldoi>10.2147</journaldoi>
		<copyright>CC-BY-NC</copyright>
		<copyrighttype>Full</copyrighttype>
		<supplier>LUM</supplier>
		<archive status="false"/>
	</journal>
	<journal pubid="TANDF-DOVE" jnlid="IJWR">
		<publishername>Dove</publishername>
		<publisherlocation>NZ</publisherlocation>
		<journalmnemonic>IJWR</journalmnemonic>
		<journalfulltitle>International Journal of Wine Research</journalfulltitle>
		<journalsubtitle/>
		<sorttitle></sorttitle>
		<journalabbreviatedtitle></journalabbreviatedtitle>
		<printissn></printissn>
		<eissn>1179-1403</eissn>
		<journaldoi>10.2147</journaldoi>
		<copyright>CC-BY-NC</copyright>
		<copyrighttype>Full</copyrighttype>
		<supplier>LUM</supplier>
		<archive status="false"/>
	</journal>
	<journal pubid="TANDF-DOVE" jnlid="IMCRJ">
		<publishername>Dove</publishername>
		<publisherlocation>NZ</publisherlocation>
		<journalmnemonic>IMCRJ</journalmnemonic>
		<journalfulltitle>International Medical Case Reports Journal</journalfulltitle>
		<journalsubtitle/>
		<sorttitle></sorttitle>
		<journalabbreviatedtitle></journalabbreviatedtitle>
		<printissn></printissn>
		<eissn>1179-142X</eissn>
		<journaldoi>10.2147</journaldoi>
		<copyright>CC-BY-NC</copyright>
		<copyrighttype>Full</copyrighttype>
		<supplier>LUM</supplier>
		<archive status="false"/>
	</journal>
	<journal pubid="TANDF-DOVE" jnlid="IPRP">
		<publishername>Dove</publishername>
		<publisherlocation>NZ</publisherlocation>
		<journalmnemonic>IPRP</journalmnemonic>
		<journalfulltitle>Integrated Pharmacy Research and Practice</journalfulltitle>
		<journalsubtitle/>
		<sorttitle></sorttitle>
		<journalabbreviatedtitle></journalabbreviatedtitle>
		<printissn></printissn>
		<eissn>2230-5254</eissn>
		<journaldoi>10.2147</journaldoi>
		<copyright>CC-BY-NC</copyright>
		<copyrighttype>Full</copyrighttype>
		<supplier>LUM</supplier>
		<archive status="false"/>
	</journal>
	<journal pubid="TANDF-DOVE" jnlid="BCTT">
		<publishername>Dove</publishername>
		<publisherlocation>NZ</publisherlocation>
		<journalmnemonic>BCTT</journalmnemonic>
		<journalfulltitle>Breast Cancer: Targets and Therapy</journalfulltitle>
		<journalsubtitle/>
		<sorttitle></sorttitle>
		<journalabbreviatedtitle></journalabbreviatedtitle>
		<printissn></printissn>
		<eissn>1179-1314</eissn>
		<journaldoi>10.2147</journaldoi>
		<copyright>CC-BY-NC</copyright>
		<copyrighttype>Full</copyrighttype>
		<supplier>LUM</supplier>
		<archive status="false"/>
	</journal>
	<journal pubid="TANDF-DOVE" jnlid="ITT">
		<publishername>Dove</publishername>
		<publisherlocation>NZ</publisherlocation>
		<journalmnemonic>ITT</journalmnemonic>
		<journalfulltitle>ImmunoTargets and Therapy</journalfulltitle>
		<journalsubtitle/>
		<sorttitle></sorttitle>
		<journalabbreviatedtitle></journalabbreviatedtitle>
		<printissn></printissn>
		<eissn>2253-1556</eissn>
		<journaldoi>10.2147</journaldoi>
		<copyright>CC-BY-NC</copyright>
		<copyrighttype>Full</copyrighttype>
		<supplier>LUM</supplier>
		<archive status="false"/>
	</journal>
	<journal pubid="TANDF-DOVE" jnlid="JAA">
		<publishername>Dove</publishername>
		<publisherlocation>NZ</publisherlocation>
		<journalmnemonic>JAA</journalmnemonic>
		<journalfulltitle>Journal of Asthma and Allergy</journalfulltitle>
		<journalsubtitle/>
		<sorttitle></sorttitle>
		<journalabbreviatedtitle></journalabbreviatedtitle>
		<printissn></printissn>
		<eissn>1178-6965</eissn>
		<journaldoi>10.2147</journaldoi>
		<copyright>CC-BY-NC</copyright>
		<copyrighttype>Full</copyrighttype>
		<supplier>LUM</supplier>
		<archive status="false"/>
	</journal>
	<journal pubid="TANDF-DOVE" jnlid="JBM">
		<publishername>Dove</publishername>
		<publisherlocation>NZ</publisherlocation>
		<journalmnemonic>JBM</journalmnemonic>
		<journalfulltitle>Journal of Blood Medicine</journalfulltitle>
		<journalsubtitle/>
		<sorttitle></sorttitle>
		<journalabbreviatedtitle></journalabbreviatedtitle>
		<printissn></printissn>
		<eissn>1179-2736</eissn>
		<journaldoi>10.2147</journaldoi>
		<copyright>CC-BY-NC</copyright>
		<copyrighttype>Full</copyrighttype>
		<supplier>LUM</supplier>
		<archive status="false"/>
	</journal>
	<journal pubid="TANDF-DOVE" jnlid="JEP">
		<publishername>Dove</publishername>
		<publisherlocation>NZ</publisherlocation>
		<journalmnemonic>JEP</journalmnemonic>
		<journalfulltitle>Journal of Experimental Pharmacology</journalfulltitle>
		<journalsubtitle/>
		<sorttitle></sorttitle>
		<journalabbreviatedtitle></journalabbreviatedtitle>
		<printissn></printissn>
		<eissn>1179-1454</eissn>
		<journaldoi>10.2147</journaldoi>
		<copyright>CC-BY-NC</copyright>
		<copyrighttype>Full</copyrighttype>
		<supplier>LUM</supplier>
		<archive status="false"/>
	</journal>
	<journal pubid="TANDF-DOVE" jnlid="JHC">
		<publishername>Dove</publishername>
		<publisherlocation>NZ</publisherlocation>
		<journalmnemonic>JHC</journalmnemonic>
		<journalfulltitle>Journal of Hepatocellular Carcinoma</journalfulltitle>
		<journalsubtitle/>
		<sorttitle></sorttitle>
		<journalabbreviatedtitle></journalabbreviatedtitle>
		<printissn></printissn>
		<eissn>2253-5969</eissn>
		<journaldoi>10.2147</journaldoi>
		<copyright>CC-BY-NC</copyright>
		<copyrighttype>Full</copyrighttype>
		<supplier>LUM</supplier>
		<archive status="false"/>
	</journal>
	<journal pubid="TANDF-DOVE" jnlid="JHL">
		<publishername>Dove</publishername>
		<publisherlocation>NZ</publisherlocation>
		<journalmnemonic>JHL</journalmnemonic>
		<journalfulltitle>Journal of Healthcare Leadership</journalfulltitle>
		<journalsubtitle/>
		<sorttitle></sorttitle>
		<journalabbreviatedtitle></journalabbreviatedtitle>
		<printissn></printissn>
		<eissn>1179-3201</eissn>
		<journaldoi>10.2147</journaldoi>
		<copyright>CC-BY-NC</copyright>
		<copyrighttype>Full</copyrighttype>
		<supplier>LUM</supplier>
		<archive status="false"/>
	</journal>
	<journal pubid="TANDF-DOVE" jnlid="JIR">
		<publishername>Dove</publishername>
		<publisherlocation>NZ</publisherlocation>
		<journalmnemonic>JIR</journalmnemonic>
		<journalfulltitle>Journal of Inflammation Research</journalfulltitle>
		<journalsubtitle/>
		<sorttitle></sorttitle>
		<journalabbreviatedtitle></journalabbreviatedtitle>
		<printissn></printissn>
		<eissn>1178-7031</eissn>
		<journaldoi>10.2147</journaldoi>
		<copyright>CC-BY-NC</copyright>
		<copyrighttype>Full</copyrighttype>
		<supplier>LUM</supplier>
		<archive status="false"/>
	</journal>
	<journal pubid="TANDF-DOVE" jnlid="JMDH">
		<publishername>Dove</publishername>
		<publisherlocation>NZ</publisherlocation>
		<journalmnemonic>JMDH</journalmnemonic>
		<journalfulltitle>Journal of Multidisciplinary Healthcare</journalfulltitle>
		<journalsubtitle/>
		<sorttitle></sorttitle>
		<journalabbreviatedtitle></journalabbreviatedtitle>
		<printissn></printissn>
		<eissn>1178-2390</eissn>
		<journaldoi>10.2147</journaldoi>
		<copyright>CC-BY-NC</copyright>
		<copyrighttype>Full</copyrighttype>
		<supplier>LUM</supplier>
		<archive status="false"/>
	</journal>
	<journal pubid="TANDF-DOVE" jnlid="JPR">
		<publishername>Dove</publishername>
		<publisherlocation>NZ</publisherlocation>
		<journalmnemonic>JPR</journalmnemonic>
		<journalfulltitle>Journal of Pain Research</journalfulltitle>
		<journalsubtitle/>
		<sorttitle></sorttitle>
		<journalabbreviatedtitle></journalabbreviatedtitle>
		<printissn></printissn>
		<eissn>1178-7090</eissn>
		<journaldoi>10.2147</journaldoi>
		<copyright>CC-BY-NC</copyright>
		<copyrighttype>Full</copyrighttype>
		<supplier>LUM</supplier>
		<archive status="false"/>
	</journal>
	<journal pubid="TANDF-DOVE" jnlid="JPRLS">
		<publishername>Dove</publishername>
		<publisherlocation>NZ</publisherlocation>
		<journalmnemonic>JPRLS</journalmnemonic>
		<journalfulltitle>Research and Reviews in Parkinsonism</journalfulltitle>
		<journalsubtitle/>
		<sorttitle></sorttitle>
		<journalabbreviatedtitle></journalabbreviatedtitle>
		<printissn></printissn>
		<eissn>2624-3733</eissn>
		<journaldoi>10.2147</journaldoi>
		<copyright>CC-BY-NC</copyright>
		<copyrighttype>Full</copyrighttype>
		<supplier>LUM</supplier>
		<archive status="false"/>
	</journal>
	<journal pubid="TANDF-DOVE" jnlid="BVCTT">
		<publishername>Dove</publishername>
		<publisherlocation>NZ</publisherlocation>
		<journalmnemonic>BVCTT</journalmnemonic>
		<journalfulltitle>Blood and Lymphatic Cancer: Targets and Therapy</journalfulltitle>
		<journalsubtitle/>
		<sorttitle></sorttitle>
		<journalabbreviatedtitle></journalabbreviatedtitle>
		<printissn></printissn>
		<eissn>1179-9889</eissn>
		<journaldoi>10.2147</journaldoi>
		<copyright>CC-BY-NC</copyright>
		<copyrighttype>Full</copyrighttype>
		<supplier>LUM</supplier>
		<archive status="false"/>
	</journal>
	<journal pubid="TANDF-DOVE" jnlid="JVD">
		<publishername>Dove</publishername>
		<publisherlocation>NZ</publisherlocation>
		<journalmnemonic>JVD</journalmnemonic>
		<journalfulltitle>Journal of Vascular Diagnostics and Interventions</journalfulltitle>
		<journalsubtitle/>
		<sorttitle></sorttitle>
		<journalabbreviatedtitle></journalabbreviatedtitle>
		<printissn></printissn>
		<eissn>2463-5618</eissn>
		<journaldoi>10.2147</journaldoi>
		<copyright>CC-BY-NC</copyright>
		<copyrighttype>Full</copyrighttype>
		<supplier>LUM</supplier>
		<archive status="false"/>
	</journal>
	<journal pubid="TANDF-DOVE" jnlid="LCTT">
		<publishername>Dove</publishername>
		<publisherlocation>NZ</publisherlocation>
		<journalmnemonic>LCTT</journalmnemonic>
		<journalfulltitle>Lung Cancer: Targets and Therapy</journalfulltitle>
		<journalsubtitle/>
		<sorttitle></sorttitle>
		<journalabbreviatedtitle></journalabbreviatedtitle>
		<printissn></printissn>
		<eissn>1179-2728</eissn>
		<journaldoi>10.2147</journaldoi>
		<copyright>CC-BY-NC</copyright>
		<copyrighttype>Full</copyrighttype>
		<supplier>LUM</supplier>
		<archive status="false"/>
	</journal>
	<journal pubid="TANDF-DOVE" jnlid="LRA">
		<publishername>Dove</publishername>
		<publisherlocation>NZ</publisherlocation>
		<journalmnemonic>LRA</journalmnemonic>
		<journalfulltitle>Local and Regional Anesthesia</journalfulltitle>
		<journalsubtitle/>
		<sorttitle></sorttitle>
		<journalabbreviatedtitle></journalabbreviatedtitle>
		<printissn></printissn>
		<eissn>1178-7112</eissn>
		<journaldoi>10.2147</journaldoi>
		<copyright>CC-BY-NC</copyright>
		<copyrighttype>Full</copyrighttype>
		<supplier>LUM</supplier>
		<archive status="false"/>
	</journal>
	<journal pubid="TANDF-DOVE" jnlid="MB">
		<publishername>Dove</publishername>
		<publisherlocation>NZ</publisherlocation>
		<journalmnemonic>MB</journalmnemonic>
		<journalfulltitle>Medicolegal and Bioethics</journalfulltitle>
		<journalsubtitle/>
		<sorttitle></sorttitle>
		<journalabbreviatedtitle></journalabbreviatedtitle>
		<printissn></printissn>
		<eissn>2230-2468</eissn>
		<journaldoi>10.2147</journaldoi>
		<copyright>CC-BY-NC</copyright>
		<copyrighttype>Full</copyrighttype>
		<supplier>LUM</supplier>
		<archive status="false"/>
	</journal>
	<journal pubid="TANDF-DOVE" jnlid="MDER">
		<publishername>Dove</publishername>
		<publisherlocation>NZ</publisherlocation>
		<journalmnemonic>MDER</journalmnemonic>
		<journalfulltitle>Medical Devices: Evidence and Research</journalfulltitle>
		<journalsubtitle/>
		<sorttitle></sorttitle>
		<journalabbreviatedtitle></journalabbreviatedtitle>
		<printissn></printissn>
		<eissn>1179-1470</eissn>
		<journaldoi>10.2147</journaldoi>
		<copyright>CC-BY-NC</copyright>
		<copyrighttype>Full</copyrighttype>
		<supplier>LUM</supplier>
		<archive status="false"/>
	</journal>
	<journal pubid="TANDF-DOVE" jnlid="MNM">
		<publishername>Dove</publishername>
		<publisherlocation>NZ</publisherlocation>
		<journalmnemonic>MNM</journalmnemonic>
		<journalfulltitle>Metalloproteinases In Medicine</journalfulltitle>
		<journalsubtitle/>
		<sorttitle></sorttitle>
		<journalabbreviatedtitle></journalabbreviatedtitle>
		<printissn></printissn>
		<eissn>2324-2027</eissn>
		<journaldoi>10.2147</journaldoi>
		<copyright>CC-BY-NC</copyright>
		<copyrighttype>Full</copyrighttype>
		<supplier>LUM</supplier>
		<archive status="false"/>
	</journal>
	<journal pubid="TANDF-DOVE" jnlid="NDT">
		<publishername>Dove</publishername>
		<publisherlocation>NZ</publisherlocation>
		<journalmnemonic>NDT</journalmnemonic>
		<journalfulltitle>Neuropsychiatric Disease and Treatment</journalfulltitle>
		<journalsubtitle/>
		<sorttitle></sorttitle>
		<journalabbreviatedtitle></journalabbreviatedtitle>
		<printissn>1176-6328</printissn>
		<eissn>1178-2021</eissn>
		<journaldoi>10.2147</journaldoi>
		<copyright>CC-BY-NC</copyright>
		<copyrighttype>Full</copyrighttype>
		<supplier>LUM</supplier>
		<archive status="false"/>
	</journal>
	<journal pubid="TANDF-DOVE" jnlid="NDS">
		<publishername>Dove</publishername>
		<publisherlocation>NZ</publisherlocation>
		<journalmnemonic>NDS</journalmnemonic>
		<journalfulltitle>Nutrition and Dietary Supplements</journalfulltitle>
		<journalsubtitle/>
		<sorttitle></sorttitle>
		<journalabbreviatedtitle></journalabbreviatedtitle>
		<printissn></printissn>
		<eissn>1179-1489</eissn>
		<journaldoi>10.2147</journaldoi>
		<copyright>CC-BY-NC</copyright>
		<copyrighttype>Full</copyrighttype>
		<supplier>LUM</supplier>
		<archive status="false"/>
	</journal>
	<journal pubid="TANDF-DOVE" jnlid="NDT">
		<publishername>Dove</publishername>
		<publisherlocation>NZ</publisherlocation>
		<journalmnemonic>NDT</journalmnemonic>
		<journalfulltitle>Neuropsychiatric Disease and Treatment</journalfulltitle>
		<journalsubtitle/>
		<sorttitle></sorttitle>
		<journalabbreviatedtitle></journalabbreviatedtitle>
		<printissn>1176-6328</printissn>
		<eissn>1178-2021</eissn>
		<journaldoi>10.2147</journaldoi>
		<copyright>CC-BY-NC</copyright>
		<copyrighttype>Full</copyrighttype>
		<supplier>LUM</supplier>
		<archive status="false"/>
	</journal>
	<journal pubid="TANDF-DOVE" jnlid="NRR">
		<publishername>Dove</publishername>
		<publisherlocation>NZ</publisherlocation>
		<journalmnemonic>NRR</journalmnemonic>
		<journalfulltitle>Nursing: Research and Reviews</journalfulltitle>
		<journalsubtitle/>
		<sorttitle></sorttitle>
		<journalabbreviatedtitle></journalabbreviatedtitle>
		<printissn></printissn>
		<eissn>2230-522X</eissn>
		<journaldoi>10.2147</journaldoi>
		<copyright>CC-BY-NC</copyright>
		<copyrighttype>Full</copyrighttype>
		<supplier>LUM</supplier>
		<archive status="false"/>
	</journal>
	<journal pubid="TANDF-DOVE" jnlid="BSAM">
		<publishername>Dove</publishername>
		<publisherlocation>NZ</publisherlocation>
		<journalmnemonic>BSAM</journalmnemonic>
		<journalfulltitle>Journal of Biorepository Science for Applied Medicine</journalfulltitle>
		<journalsubtitle/>
		<sorttitle></sorttitle>
		<journalabbreviatedtitle></journalabbreviatedtitle>
		<printissn></printissn>
		<eissn>2253-1785</eissn>
		<journaldoi>10.2147</journaldoi>
		<copyright>CC-BY-NC</copyright>
		<copyrighttype>Full</copyrighttype>
		<supplier>LUM</supplier>
		<archive status="false"/>
	</journal>
	<journal pubid="TANDF-DOVE" jnlid="NSA">
		<publishername>Dove</publishername>
		<publisherlocation>NZ</publisherlocation>
		<journalmnemonic>NSA</journalmnemonic>
		<journalfulltitle>Nanotechnology, Science and Applications</journalfulltitle>
		<journalsubtitle/>
		<sorttitle></sorttitle>
		<journalabbreviatedtitle></journalabbreviatedtitle>
		<printissn></printissn>
		<eissn>1177-8903</eissn>
		<journaldoi>10.2147</journaldoi>
		<copyright>CC-BY-NC</copyright>
		<copyrighttype>Full</copyrighttype>
		<supplier>LUM</supplier>
		<archive status="false"/>
	</journal>
	<journal pubid="TANDF-DOVE" jnlid="NSS">
		<publishername>Dove</publishername>
		<publisherlocation>NZ</publisherlocation>
		<journalmnemonic>NSS</journalmnemonic>
		<journalfulltitle>Nature and Science of Sleep</journalfulltitle>
		<journalsubtitle/>
		<sorttitle></sorttitle>
		<journalabbreviatedtitle></journalabbreviatedtitle>
		<printissn></printissn>
		<eissn>1179-1608</eissn>
		<journaldoi>10.2147</journaldoi>
		<copyright>CC-BY-NC</copyright>
		<copyrighttype>Full</copyrighttype>
		<supplier>LUM</supplier>
		<archive status="false"/>
	</journal>
	<journal pubid="TANDF-DOVE" jnlid="OAEM">
		<publishername>Dove</publishername>
		<publisherlocation>NZ</publisherlocation>
		<journalmnemonic>OAEM</journalmnemonic>
		<journalfulltitle>Open Access Emergency Medicine</journalfulltitle>
		<journalsubtitle/>
		<sorttitle></sorttitle>
		<journalabbreviatedtitle></journalabbreviatedtitle>
		<printissn></printissn>
		<eissn>1179-1500</eissn>
		<journaldoi>10.2147</journaldoi>
		<copyright>CC-BY-NC</copyright>
		<copyrighttype>Full</copyrighttype>
		<supplier>LUM</supplier>
		<archive status="false"/>
	</journal>
	<journal pubid="TANDF-DOVE" jnlid="OAJC">
		<publishername>Dove</publishername>
		<publisherlocation>NZ</publisherlocation>
		<journalmnemonic>OAJC</journalmnemonic>
		<journalfulltitle>Open Access Journal of Contraception</journalfulltitle>
		<journalsubtitle/>
		<sorttitle></sorttitle>
		<journalabbreviatedtitle></journalabbreviatedtitle>
		<printissn></printissn>
		<eissn>1179-1527</eissn>
		<journaldoi>10.2147</journaldoi>
		<copyright>CC-BY-NC</copyright>
		<copyrighttype>Full</copyrighttype>
		<supplier>LUM</supplier>
		<archive status="false"/>
	</journal>
	<journal pubid="TANDF-DOVE" jnlid="OAJCT">
		<publishername>Dove</publishername>
		<publisherlocation>NZ</publisherlocation>
		<journalmnemonic>OAJCT</journalmnemonic>
		<journalfulltitle>Open Access Journal of Clinical Trials</journalfulltitle>
		<journalsubtitle/>
		<sorttitle></sorttitle>
		<journalabbreviatedtitle></journalabbreviatedtitle>
		<printissn></printissn>
		<eissn>1179-1519</eissn>
		<journaldoi>10.2147</journaldoi>
		<copyright>CC-BY-NC</copyright>
		<copyrighttype>Full</copyrighttype>
		<supplier>LUM</supplier>
		<archive status="false"/>
	</journal>
	<journal pubid="TANDF-DOVE" jnlid="OAJSM">
		<publishername>Dove</publishername>
		<publisherlocation>NZ</publisherlocation>
		<journalmnemonic>OAJSM</journalmnemonic>
		<journalfulltitle>Open Access Journal of Sports Medicine</journalfulltitle>
		<journalsubtitle/>
		<sorttitle></sorttitle>
		<journalabbreviatedtitle></journalabbreviatedtitle>
		<printissn></printissn>
		<eissn>1179-1543</eissn>
		<journaldoi>10.2147</journaldoi>
		<copyright>CC-BY-NC</copyright>
		<copyrighttype>Full</copyrighttype>
		<supplier>LUM</supplier>
		<archive status="false"/>
	</journal>
	<journal pubid="TANDF-DOVE" jnlid="OARRR">
		<publishername>Dove</publishername>
		<publisherlocation>NZ</publisherlocation>
		<journalmnemonic>OARRR</journalmnemonic>
		<journalfulltitle>Open Access Rheumatology: Research and Reviews</journalfulltitle>
		<journalsubtitle/>
		<sorttitle></sorttitle>
		<journalabbreviatedtitle></journalabbreviatedtitle>
		<printissn></printissn>
		<eissn>1179-156X</eissn>
		<journaldoi>10.2147</journaldoi>
		<copyright>CC-BY-NC</copyright>
		<copyrighttype>Full</copyrighttype>
		<supplier>LUM</supplier>
		<archive status="false"/>
	</journal>
	<journal pubid="TANDF-DOVE" jnlid="OAS">
		<publishername>Dove</publishername>
		<publisherlocation>NZ</publisherlocation>
		<journalmnemonic>OAS</journalmnemonic>
		<journalfulltitle>Open Access Surgery</journalfulltitle>
		<journalsubtitle/>
		<sorttitle></sorttitle>
		<journalabbreviatedtitle></journalabbreviatedtitle>
		<printissn></printissn>
		<eissn>1178-7082</eissn>
		<journaldoi>10.2147</journaldoi>
		<copyright>CC-BY-NC</copyright>
		<copyrighttype>Full</copyrighttype>
		<supplier>LUM</supplier>
		<archive status="false"/>
	</journal>
	<journal pubid="TANDF-DOVE" jnlid="OPTH">
		<publishername>Dove</publishername>
		<publisherlocation>NZ</publisherlocation>
		<journalmnemonic>OPTH</journalmnemonic>
		<journalfulltitle>Clinical Ophthalmology</journalfulltitle>
		<journalsubtitle/>
		<sorttitle></sorttitle>
		<journalabbreviatedtitle></journalabbreviatedtitle>
		<printissn>1177-5467</printissn>
		<eissn>1177-5483</eissn>
		<journaldoi>10.2147</journaldoi>
		<copyright>CC-BY-NC</copyright>
		<copyrighttype>Full</copyrighttype>
		<supplier>LUM</supplier>
		<archive status="false"/>
	</journal>
	<journal pubid="TANDF-DOVE" jnlid="OPTO">
		<publishername>Dove</publishername>
		<publisherlocation>NZ</publisherlocation>
		<journalmnemonic>OPTO</journalmnemonic>
		<journalfulltitle>Clinical Optometry</journalfulltitle>
		<journalsubtitle/>
		<sorttitle></sorttitle>
		<journalabbreviatedtitle></journalabbreviatedtitle>
		<printissn></printissn>
		<eissn>1179-2752</eissn>
		<journaldoi>10.2147</journaldoi>
		<copyright>CC-BY-NC</copyright>
		<copyrighttype>Full</copyrighttype>
		<supplier>LUM</supplier>
		<archive status="false"/>
	</journal>
	<journal pubid="TANDF-DOVE" jnlid="BTT">
		<publishername>Dove</publishername>
		<publisherlocation>NZ</publisherlocation>
		<journalmnemonic>BTT</journalmnemonic>
		<journalfulltitle>Biologics: Targets and Therapy</journalfulltitle>
		<journalsubtitle/>
		<sorttitle></sorttitle>
		<journalabbreviatedtitle></journalabbreviatedtitle>
		<printissn>1177-5475</printissn>
		<eissn>1177-5491</eissn>
		<journaldoi>10.2147</journaldoi>
		<copyright>CC-BY-NC</copyright>
		<copyrighttype>Full</copyrighttype>
		<supplier>LUM</supplier>
		<archive status="false"/>
	</journal>
	<journal pubid="TANDF-DOVE" jnlid="ORR">
		<publishername>Dove</publishername>
		<publisherlocation>NZ</publisherlocation>
		<journalmnemonic>ORR</journalmnemonic>
		<journalfulltitle>Orthopedic Research and Reviews</journalfulltitle>
		<journalsubtitle/>
		<sorttitle></sorttitle>
		<journalabbreviatedtitle></journalabbreviatedtitle>
		<printissn></printissn>
		<eissn>1179-1462</eissn>
		<journaldoi>10.2147</journaldoi>
		<copyright>CC-BY-NC</copyright>
		<copyrighttype>Full</copyrighttype>
		<supplier>LUM</supplier>
		<archive status="false"/>
	</journal>
	<journal pubid="TANDF-DOVE" jnlid="OTT">
		<publishername>Dove</publishername>
		<publisherlocation>NZ</publisherlocation>
		<journalmnemonic>OTT</journalmnemonic>
		<journalfulltitle>OncoTargets and Therapy</journalfulltitle>
		<journalsubtitle/>
		<sorttitle></sorttitle>
		<journalabbreviatedtitle></journalabbreviatedtitle>
		<printissn></printissn>
		<eissn>1178-6930</eissn>
		<journaldoi>10.2147</journaldoi>
		<copyright>CC-BY-NC</copyright>
		<copyrighttype>Full</copyrighttype>
		<supplier>LUM</supplier>
		<archive status="false"/>
	</journal>
	<journal pubid="TANDF-DOVE" jnlid="OV">
		<publishername>Dove</publishername>
		<publisherlocation>NZ</publisherlocation>
		<journalmnemonic>OV</journalmnemonic>
		<journalfulltitle>Oncolytic Virotherapy</journalfulltitle>
		<journalsubtitle/>
		<sorttitle></sorttitle>
		<journalabbreviatedtitle></journalabbreviatedtitle>
		<printissn></printissn>
		<eissn>2253-1572</eissn>
		<journaldoi>10.2147</journaldoi>
		<copyright>CC-BY-NC</copyright>
		<copyrighttype>Full</copyrighttype>
		<supplier>LUM</supplier>
		<archive status="false"/>
	</journal>
	<journal pubid="TANDF-DOVE" jnlid="PGPM">
		<publishername>Dove</publishername>
		<publisherlocation>NZ</publisherlocation>
		<journalmnemonic>PGPM</journalmnemonic>
		<journalfulltitle>Pharmacogenomics and Personalized Medicine</journalfulltitle>
		<journalsubtitle/>
		<sorttitle></sorttitle>
		<journalabbreviatedtitle></journalabbreviatedtitle>
		<printissn></printissn>
		<eissn>1178-7066</eissn>
		<journaldoi>10.2147</journaldoi>
		<copyright>CC-BY-NC</copyright>
		<copyrighttype>Full</copyrighttype>
		<supplier>LUM</supplier>
		<archive status="false"/>
	</journal>
	<journal pubid="TANDF-DOVE" jnlid="NDT">
		<publishername>Dove</publishername>
		<publisherlocation>NZ</publisherlocation>
		<journalmnemonic>NDT</journalmnemonic>
		<journalfulltitle>Neuropsychiatric Disease and Treatment</journalfulltitle>
		<journalsubtitle/>
		<sorttitle></sorttitle>
		<journalabbreviatedtitle></journalabbreviatedtitle>
		<printissn>1176-6328</printissn>
		<eissn>1178-2021</eissn>
		<journaldoi>10.2147</journaldoi>
		<copyright>CC-BY-NC</copyright>
		<copyrighttype>Full</copyrighttype>
		<supplier>LUM</supplier>
		<archive status="false"/>
	</journal>
	<journal pubid="TANDF-DOVE" jnlid="PLMI">
		<publishername>Dove</publishername>
		<publisherlocation>NZ</publisherlocation>
		<journalmnemonic>PLMI</journalmnemonic>
		<journalfulltitle>Pathology and Laboratory Medicine International</journalfulltitle>
		<journalsubtitle/>
		<sorttitle></sorttitle>
		<journalabbreviatedtitle></journalabbreviatedtitle>
		<printissn></printissn>
		<eissn>1179-2698</eissn>
		<journaldoi>10.2147</journaldoi>
		<copyright>CC-BY-NC</copyright>
		<copyrighttype>Full</copyrighttype>
		<supplier>LUM</supplier>
		<archive status="false"/>
	</journal>
	<journal pubid="TANDF-DOVE" jnlid="POR">
		<publishername>Dove</publishername>
		<publisherlocation>NZ</publisherlocation>
		<journalmnemonic>POR</journalmnemonic>
		<journalfulltitle>Pragmatic and Observational Research</journalfulltitle>
		<journalsubtitle/>
		<sorttitle></sorttitle>
		<journalabbreviatedtitle></journalabbreviatedtitle>
		<printissn></printissn>
		<eissn>1179-7266</eissn>
		<journaldoi>10.2147</journaldoi>
		<copyright>CC-BY-NC</copyright>
		<copyrighttype>Full</copyrighttype>
		<supplier>LUM</supplier>
		<archive status="false"/>
	</journal>
	<journal pubid="TANDF-DOVE" jnlid="PPA">
		<publishername>Dove</publishername>
		<publisherlocation>NZ</publisherlocation>
		<journalmnemonic>PPA</journalmnemonic>
		<journalfulltitle>Patient Preference and Adherence</journalfulltitle>
		<journalsubtitle/>
		<sorttitle></sorttitle>
		<journalabbreviatedtitle></journalabbreviatedtitle>
		<printissn></printissn>
		<eissn>1177-889X</eissn>
		<journaldoi>10.2147</journaldoi>
		<copyright>CC-BY-NC</copyright>
		<copyrighttype>Full</copyrighttype>
		<supplier>LUM</supplier>
		<archive status="false"/>
	</journal>
	<journal pubid="TANDF-DOVE" jnlid="PRBM">
		<publishername>Dove</publishername>
		<publisherlocation>NZ</publisherlocation>
		<journalmnemonic>PRBM</journalmnemonic>
		<journalfulltitle>Psychology Research and Behavior Management</journalfulltitle>
		<journalsubtitle/>
		<sorttitle></sorttitle>
		<journalabbreviatedtitle></journalabbreviatedtitle>
		<printissn></printissn>
		<eissn>1179-1578</eissn>
		<journaldoi>10.2147</journaldoi>
		<copyright>CC-BY-NC</copyright>
		<copyrighttype>Full</copyrighttype>
		<supplier>LUM</supplier>
		<archive status="false"/>
	</journal>
	<journal pubid="TANDF-DOVE" jnlid="PROM">
		<publishername>Dove</publishername>
		<publisherlocation>NZ</publisherlocation>
		<journalmnemonic>PROM</journalmnemonic>
		<journalfulltitle>Patient Related Outcome Measures</journalfulltitle>
		<journalsubtitle/>
		<sorttitle></sorttitle>
		<journalabbreviatedtitle></journalabbreviatedtitle>
		<printissn></printissn>
		<eissn>1179-271X</eissn>
		<journaldoi>10.2147</journaldoi>
		<copyright>CC-BY-NC</copyright>
		<copyrighttype>Full</copyrighttype>
		<supplier>LUM</supplier>
		<archive status="false"/>
	</journal>
	<journal pubid="TANDF-DOVE" jnlid="CA">
		<publishername>Dove</publishername>
		<publisherlocation>NZ</publisherlocation>
		<journalmnemonic>CA</journalmnemonic>
		<journalfulltitle>Clinical Audit</journalfulltitle>
		<journalsubtitle/>
		<sorttitle></sorttitle>
		<journalabbreviatedtitle></journalabbreviatedtitle>
		<printissn></printissn>
		<eissn>1179-2760</eissn>
		<journaldoi>10.2147</journaldoi>
		<copyright>CC-BY-NC</copyright>
		<copyrighttype>Full</copyrighttype>
		<supplier>LUM</supplier>
		<archive status="false"/>
	</journal>
	<journal pubid="TANDF-DOVE" jnlid="PTT">
		<publishername>Dove</publishername>
		<publisherlocation>NZ</publisherlocation>
		<journalmnemonic>PTT</journalmnemonic>
		<journalfulltitle>Psoriasis: Targets and Therapy</journalfulltitle>
		<journalsubtitle/>
		<sorttitle></sorttitle>
		<journalabbreviatedtitle></journalabbreviatedtitle>
		<printissn></printissn>
		<eissn>2230-326X</eissn>
		<journaldoi>10.2147</journaldoi>
		<copyright>CC-BY-NC</copyright>
		<copyrighttype>Full</copyrighttype>
		<supplier>LUM</supplier>
		<archive status="false"/>
	</journal>
	<journal pubid="TANDF-DOVE" jnlid="RMHP">
		<publishername>Dove</publishername>
		<publisherlocation>NZ</publisherlocation>
		<journalmnemonic>RMHP</journalmnemonic>
		<journalfulltitle>Risk Management and Healthcare Policy</journalfulltitle>
		<journalsubtitle/>
		<sorttitle></sorttitle>
		<journalabbreviatedtitle></journalabbreviatedtitle>
		<printissn></printissn>
		<eissn>1179-1594</eissn>
		<journaldoi>10.2147</journaldoi>
		<copyright>CC-BY-NC</copyright>
		<copyrighttype>Full</copyrighttype>
		<supplier>LUM</supplier>
		<archive status="false"/>
	</journal>
	<journal pubid="TANDF-DOVE" jnlid="RMI">
		<publishername>Dove</publishername>
		<publisherlocation>NZ</publisherlocation>
		<journalmnemonic>RMI</journalmnemonic>
		<journalfulltitle>Reports in Medical Imaging</journalfulltitle>
		<journalsubtitle/>
		<sorttitle></sorttitle>
		<journalabbreviatedtitle></journalabbreviatedtitle>
		<printissn></printissn>
		<eissn>1179-1586</eissn>
		<journaldoi>10.2147</journaldoi>
		<copyright>CC-BY-NC</copyright>
		<copyrighttype>Full</copyrighttype>
		<supplier>LUM</supplier>
		<archive status="false"/>
	</journal>
	<journal pubid="TANDF-DOVE" jnlid="RRCC">
		<publishername>Dove</publishername>
		<publisherlocation>NZ</publisherlocation>
		<journalmnemonic>RRCC</journalmnemonic>
		<journalfulltitle>Research Reports in Clinical Cardiology</journalfulltitle>
		<journalsubtitle/>
		<sorttitle></sorttitle>
		<journalabbreviatedtitle></journalabbreviatedtitle>
		<printissn></printissn>
		<eissn>1179-8475</eissn>
		<journaldoi>10.2147</journaldoi>
		<copyright>CC-BY-NC</copyright>
		<copyrighttype>Full</copyrighttype>
		<supplier>LUM</supplier>
		<archive status="false"/>
	</journal>
	<journal pubid="TANDF-DOVE" jnlid="RRFMS">
		<publishername>Dove</publishername>
		<publisherlocation>NZ</publisherlocation>
		<journalmnemonic>RRFMS</journalmnemonic>
		<journalfulltitle>Research and Reports in Forensic Medical Science</journalfulltitle>
		<journalsubtitle/>
		<sorttitle></sorttitle>
		<journalabbreviatedtitle></journalabbreviatedtitle>
		<printissn></printissn>
		<eissn>2230-2476</eissn>
		<journaldoi>10.2147</journaldoi>
		<copyright>CC-BY-NC</copyright>
		<copyrighttype>Full</copyrighttype>
		<supplier>LUM</supplier>
		<archive status="false"/>
	</journal>
	<journal pubid="TANDF-DOVE" jnlid="RRN">
		<publishername>Dove</publishername>
		<publisherlocation>NZ</publisherlocation>
		<journalmnemonic>RRN</journalmnemonic>
		<journalfulltitle>Research and Reports in Neonatology</journalfulltitle>
		<journalsubtitle/>
		<sorttitle></sorttitle>
		<journalabbreviatedtitle></journalabbreviatedtitle>
		<printissn></printissn>
		<eissn>1179-9935</eissn>
		<journaldoi>10.2147</journaldoi>
		<copyright>CC-BY-NC</copyright>
		<copyrighttype>Full</copyrighttype>
		<supplier>LUM</supplier>
		<archive status="false"/>
	</journal>
	<journal pubid="TANDF-DOVE" jnlid="RRTM">
		<publishername>Dove</publishername>
		<publisherlocation>NZ</publisherlocation>
		<journalmnemonic>RRTM</journalmnemonic>
		<journalfulltitle>Research and Reports in Tropical Medicine</journalfulltitle>
		<journalsubtitle/>
		<sorttitle></sorttitle>
		<journalabbreviatedtitle></journalabbreviatedtitle>
		<printissn></printissn>
		<eissn>1179-7282</eissn>
		<journaldoi>10.2147</journaldoi>
		<copyright>CC-BY-NC</copyright>
		<copyrighttype>Full</copyrighttype>
		<supplier>LUM</supplier>
		<archive status="false"/>
	</journal>
	<journal pubid="TANDF-DOVE" jnlid="RRU">
		<publishername>Dove</publishername>
		<publisherlocation>NZ</publisherlocation>
		<journalmnemonic>RRU</journalmnemonic>
		<journalfulltitle>Research and Reports in Urology</journalfulltitle>
		<journalsubtitle/>
		<sorttitle></sorttitle>
		<journalabbreviatedtitle></journalabbreviatedtitle>
		<printissn></printissn>
		<eissn>2253-2447</eissn>
		<journaldoi>10.2147</journaldoi>
		<copyright>CC-BY-NC</copyright>
		<copyrighttype>Full</copyrighttype>
		<supplier>LUM</supplier>
		<archive status="false"/>
	</journal>
	<journal pubid="TANDF-DOVE" jnlid="RSRR">
		<publishername>Dove</publishername>
		<publisherlocation>NZ</publisherlocation>
		<journalmnemonic>RSRR</journalmnemonic>
		<journalfulltitle>Robotic Surgery: Research and Reviews</journalfulltitle>
		<journalsubtitle/>
		<sorttitle></sorttitle>
		<journalabbreviatedtitle></journalabbreviatedtitle>
		<printissn></printissn>
		<eissn>2324-5344</eissn>
		<journaldoi>10.2147</journaldoi>
		<copyright>CC-BY-NC</copyright>
		<copyrighttype>Full</copyrighttype>
		<supplier>LUM</supplier>
		<archive status="false"/>
	</journal>
	<journal pubid="TANDF-DOVE" jnlid="SAR">
		<publishername>Dove</publishername>
		<publisherlocation>NZ</publisherlocation>
		<journalmnemonic>SAR</journalmnemonic>
		<journalfulltitle>Substance Abuse and Rehabilitation</journalfulltitle>
		<journalsubtitle/>
		<sorttitle></sorttitle>
		<journalabbreviatedtitle></journalabbreviatedtitle>
		<printissn></printissn>
		<eissn>1179-8467</eissn>
		<journaldoi>10.2147</journaldoi>
		<copyright>CC-BY-NC</copyright>
		<copyrighttype>Full</copyrighttype>
		<supplier>LUM</supplier>
		<archive status="false"/>
	</journal>
	<journal pubid="TANDF-DOVE" jnlid="CCID">
		<publishername>Dove</publishername>
		<publisherlocation>NZ</publisherlocation>
		<journalmnemonic>CCID</journalmnemonic>
		<journalfulltitle>Clinical, Cosmetic and Investigational Dermatology</journalfulltitle>
		<journalsubtitle/>
		<sorttitle></sorttitle>
		<journalabbreviatedtitle></journalabbreviatedtitle>
		<printissn></printissn>
		<eissn>1178-7015</eissn>
		<journaldoi>10.2147</journaldoi>
		<copyright>CC-BY-NC</copyright>
		<copyrighttype>Full</copyrighttype>
		<supplier>LUM</supplier>
		<archive status="false"/>
	</journal>
	<journal pubid="TANDF-DOVE" jnlid="SCCAA">
		<publishername>Dove</publishername>
		<publisherlocation>NZ</publisherlocation>
		<journalmnemonic>SCCAA</journalmnemonic>
		<journalfulltitle>Stem Cells and Cloning: Advances and Applications</journalfulltitle>
		<journalsubtitle/>
		<sorttitle></sorttitle>
		<journalabbreviatedtitle></journalabbreviatedtitle>
		<printissn></printissn>
		<eissn>1178-6957</eissn>
		<journaldoi>10.2147</journaldoi>
		<copyright>CC-BY-NC</copyright>
		<copyrighttype>Full</copyrighttype>
		<supplier>LUM</supplier>
		<archive status="false"/>
	</journal>
	<journal pubid="TANDF-DOVE" jnlid="SHTT">
		<publishername>Dove</publishername>
		<publisherlocation>NZ</publisherlocation>
		<journalmnemonic>SHTT</journalmnemonic>
		<journalfulltitle>Smart Homecare Technology and TeleHealth</journalfulltitle>
		<journalsubtitle/>
		<sorttitle></sorttitle>
		<journalabbreviatedtitle></journalabbreviatedtitle>
		<printissn></printissn>
		<eissn>2253-1564</eissn>
		<journaldoi>10.2147</journaldoi>
		<copyright>CC-BY-NC</copyright>
		<copyrighttype>Full</copyrighttype>
		<supplier>LUM</supplier>
		<archive status="false"/>
	</journal>
	<journal pubid="TANDF-DOVE" jnlid="TACG">
		<publishername>Dove</publishername>
		<publisherlocation>NZ</publisherlocation>
		<journalmnemonic>TACG</journalmnemonic>
		<journalfulltitle>The Application of Clinical Genetics</journalfulltitle>
		<journalsubtitle/>
		<sorttitle></sorttitle>
		<journalabbreviatedtitle></journalabbreviatedtitle>
		<printissn></printissn>
		<eissn>1178-704X</eissn>
		<journaldoi>10.2147</journaldoi>
		<copyright>CC-BY-NC</copyright>
		<copyrighttype>Full</copyrighttype>
		<supplier>LUM</supplier>
		<archive status="false"/>
	</journal>
	<journal pubid="TANDF-DOVE" jnlid="TCRM">
		<publishername>Dove</publishername>
		<publisherlocation>NZ</publisherlocation>
		<journalmnemonic>TCRM</journalmnemonic>
		<journalfulltitle>Therapeutics and Clinical Risk Management</journalfulltitle>
		<journalsubtitle/>
		<sorttitle></sorttitle>
		<journalabbreviatedtitle></journalabbreviatedtitle>
		<printissn>1176-6336</printissn>
		<eissn>1178-203X</eissn>
		<journaldoi>10.2147</journaldoi>
		<copyright>CC-BY-NC</copyright>
		<copyrighttype>Full</copyrighttype>
		<supplier>LUM</supplier>
		<archive status="false"/>
	</journal>
	<journal pubid="TANDF-DOVE" jnlid="TRRM">
		<publishername>Dove</publishername>
		<publisherlocation>NZ</publisherlocation>
		<journalmnemonic>TRRM</journalmnemonic>
		<journalfulltitle>Transplant Research and Risk Management</journalfulltitle>
		<journalsubtitle/>
		<sorttitle></sorttitle>
		<journalabbreviatedtitle></journalabbreviatedtitle>
		<printissn></printissn>
		<eissn>1179-1616</eissn>
		<journaldoi>10.2147</journaldoi>
		<copyright>CC-BY-NC</copyright>
		<copyrighttype>Full</copyrighttype>
		<supplier>LUM</supplier>
		<archive status="false"/>
	</journal>
	<journal pubid="TANDF-DOVE" jnlid="VHRM">
		<publishername>Dove</publishername>
		<publisherlocation>NZ</publisherlocation>
		<journalmnemonic>VHRM</journalmnemonic>
		<journalfulltitle>Vascular Health and Risk Management</journalfulltitle>
		<journalsubtitle/>
		<sorttitle></sorttitle>
		<journalabbreviatedtitle></journalabbreviatedtitle>
		<printissn>1176-6344</printissn>
		<eissn>1178-2048</eissn>
		<journaldoi>10.2147</journaldoi>
		<copyright>CC-BY-NC</copyright>
		<copyrighttype>Full</copyrighttype>
		<supplier>LUM</supplier>
		<archive status="false"/>
	</journal>
	<journal pubid="TANDF-DOVE" jnlid="VMRR">
		<publishername>Dove</publishername>
		<publisherlocation>NZ</publisherlocation>
		<journalmnemonic>VMRR</journalmnemonic>
		<journalfulltitle>Veterinary Medicine: Research and Reports</journalfulltitle>
		<journalsubtitle/>
		<sorttitle></sorttitle>
		<journalabbreviatedtitle></journalabbreviatedtitle>
		<printissn></printissn>
		<eissn>2230-2034</eissn>
		<journaldoi>10.2147</journaldoi>
		<copyright>CC-BY-NC</copyright>
		<copyrighttype>Full</copyrighttype>
		<supplier>LUM</supplier>
		<archive status="false"/>
	</journal>
</journalinfo>