<combine>z&#x00301;</combine><correct>&#x000FA;</correct>
<combine>A&#x00301;</combine><correct>&#x000C1;</correct>
<combine>E&#x00301;</combine><correct>&#x000C9;</correct>
<combine>L&#x00301;</combine><correct>&#x000CD;</correct>
<combine>Y&#x00301;</combine><correct>&#x000DD;</correct>
<combine>U&#x00301;</combine><correct>&#x000DA;</correct>
<combine>a&#x00301;</combine><correct>&#x000E1;</correct>
<combine>e&#x00301;</combine><correct>&#x000E9;</correct>
<combine>i&#x00301;</combine><correct>&#x000ED;</correct>
<combine>o&#x00301;</combine><correct>&#x000F3;</correct>
<combine>u&#x00301;</combine><correct>&#x000FA;</correct>
<combine>y&#x00301;</combine><correct>&#x000FD;</correct>
<combine>C&#x00301;</combine><correct>&#x00106;</correct>
<combine>c&#x00301;</combine><correct>&#x00107;</correct>
<combine>L&#x00301;</combine><correct>&#x00139;</correct>
<combine>l&#x00301;</combine><correct>&#x013A;</correct>
<combine>N&#x00301;</combine><correct>&#x00143;</correct>
<combine>n&#x00301;</combine><correct>&#x00144;</correct>
<combine>R&#x00301;</combine><correct>&#x00154;</correct>
<combine>r&#x00301;</combine><correct>&#x00155;</correct>
<combine>S&#x00301;</combine><correct>&#x0015A;</correct>
<combine>s&#x00301;</combine><correct>&#x0015B;</correct>
<combine>Z&#x00301;</combine><correct>&#x00179;</correct>
<combine>z&#x00301;</combine><correct>&#x0017A;</correct>



<combine>A&#x00300;</combine><correct>&#x000C0;</correct>
<combine>E&#x00300;</combine><correct>&#x000C8;</correct>
<combine>O&#x00300;</combine><correct>&#x000D2;</correct>
<combine>U&#x00300;</combine><correct>&#x000D9;</correct>
<combine>e&#x00300;</combine><correct>&#x000E8;</correct>
<combine>i&#x00300;</combine><correct>&#x000EC;</correct>
<combine>o&#x00300;</combine><correct>&#x000F2;</correct>
<combine>u&#x00300;</combine><correct>&#x000F9;</correct>
<combine>a&#x00300;</combine><correct>&#x000E0;</correct>



<combine>e&#x00308;</combine><correct>&#x000EB;</correct>
<combine>i&#x00308;</combine><correct>&#x000EF;</correct>
<combine>o&#x00308;</combine><correct>&#x000F6;</correct>
<combine>u&#x00308;</combine><correct>&#x000FC;</correct>
<combine>y&#x00308;</combine><correct>&#x000FF;</correct>
<combine>A&#x00308;</combine><correct>&#x000C4;</correct>
<combine>E&#x00308;</combine><correct>&#x000CB;</correct>
<combine>O&#x00308;</combine><correct>&#x000D6;</correct>
<combine>U&#x00308;</combine><correct>&#x000DC;</correct>
<combine>a&#x00308;</combine><correct>&#x000E4;</correct>
<combine>Y&#x00308;</combine><correct>&#x00178;</correct>

